2,1,3.15,660.83,40.41,213.20,0.6570,-1,-1,-1
2,2,1372.13,513.57,33.62,101.17,0.6425,-1,-1,-1
2,3,1615.35,549.30,60.71,124.44,0.6602,-1,-1,-1
2,4,1531.88,558.66,48.53,115.57,0.5625,-1,-1,-1
2,5,108.84,699.62,50.36,95.53,0.5526,-1,-1,-1
2,6,500.50,535.65,38.91,94.84,0.3221,-1,-1,-1
2,8,1448.81,491.36,31.24,91.14,0.3898,-1,-1,-1
3,1,6.28,692.64,33.98,211.47,0.6504,-1,-1,-1
3,2,1373.79,507.60,37.63,106.21,0.5891,-1,-1,-1
3,3,1619.93,548.49,63.17,120.34,0.6539,-1,-1,-1
3,4,1537.92,552.11,48.99,118.09,0.6498,-1,-1,-1
3,5,106.12,724.36,43.99,97.32,0.5264,-1,-1,-1
3,6,500.44,550.54,36.88,92.67,0.3648,-1,-1,-1
3,8,1451.04,486.31,32.28,92.51,0.3185,-1,-1,-1
3,10,171.58,584.35,48.59,157.22,0.4275,-1,-1,-1
4,1,7.77,701.75,25.26,165.90,0.3936,-1,-1,-1
4,2,1379.96,505.77,36.11,109.00,0.7124,-1,-1,-1
4,3,1629.91,547.57,62.56,126.03,0.7595,-1,-1,-1
4,4,1549.32,552.56,43.10,120.94,0.6529,-1,-1,-1
4,5,92.83,722.48,43.63,100.93,0.5896,-1,-1,-1
4,6,499.15,547.21,36.62,93.58,0.4333,-1,-1,-1
4,8,1457.89,485.44,27.88,90.29,0.4457,-1,-1,-1
5,2,1384.74,515.80,34.02,110.31,0.7115,-1,-1,-1
5,3,1636.12,564.64,62.45,122.97,0.6361,-1,-1,-1
5,4,1549.96,561.29,51.39,121.97,0.3998,-1,-1,-1
5,5,77.22,715.44,44.92,103.47,0.5019,-1,-1,-1
5,6,495.88,539.93,33.90,96.46,0.4487,-1,-1,-1
5,8,1459.83,497.01,27.77,86.51,0.5460,-1,-1,-1
5,12,1499.91,514.70,23.91,76.35,0.3295,-1,-1,-1
6,2,1391.82,527.26,30.58,107.40,0.6359,-1,-1,-1
6,3,1642.81,573.68,65.93,124.42,0.7573,-1,-1,-1
6,5,67.02,731.48,41.82,105.16,0.4842,-1,-1,-1
6,6,498.40,552.18,37.78,98.73,0.4641,-1,-1,-1
6,8,1463.85,505.75,26.46,88.04,0.5390,-1,-1,-1
6,10,142.84,580.88,55.22,164.38,0.4572,-1,-1,-1
6,12,1506.83,533.24,24.53,69.57,0.3128,-1,-1,-1
7,2,1392.11,517.83,32.42,111.45,0.5820,-1,-1,-1
7,3,1651.07,570.62,64.76,129.03,0.7406,-1,-1,-1
7,4,1563.19,567.13,54.82,126.55,0.5744,-1,-1,-1
7,5,52.39,733.52,42.06,108.57,0.3332,-1,-1,-1
7,6,494.03,540.31,36.56,103.42,0.3786,-1,-1,-1
7,8,1466.03,498.87,26.92,89.92,0.4664,-1,-1,-1
7,10,132.58,581.97,58.77,163.70,0.3909,-1,-1,-1
8,2,1394.43,532.28,34.23,107.75,0.6718,-1,-1,-1
8,3,1658.18,576.15,66.37,130.16,0.6627,-1,-1,-1
8,4,1570.27,580.65,51.23,123.31,0.5488,-1,-1,-1
8,5,34.73,741.22,44.90,108.57,0.4952,-1,-1,-1
8,6,492.92,548.50,35.97,102.16,0.3599,-1,-1,-1
8,8,1467.01,509.15,31.93,87.89,0.5230,-1,-1,-1
8,12,1511.02,515.26,27.72,90.37,0.4032,-1,-1,-1
8,15,533.68,540.84,34.16,110.92,0.3144,-1,-1,-1
9,2,1396.94,533.35,35.32,106.68,0.6747,-1,-1,-1
9,3,1663.70,583.28,66.16,132.46,0.6920,-1,-1,-1
9,4,1576.96,588.37,50.56,123.66,0.5052,-1,-1,-1
9,5,16.34,736.74,47.92,116.09,0.6126,-1,-1,-1
9,6,490.49,550.36,36.51,98.37,0.3189,-1,-1,-1
9,8,1468.99,512.34,32.17,88.15,0.4327,-1,-1,-1
9,12,1513.93,521.26,29.83,87.66,0.3444,-1,-1,-1
9,16,219.63,613.93,41.67,136.03,0.4330,-1,-1,-1
9,17,677.86,525.01,28.19,79.86,0.3204,-1,-1,-1
10,2,1398.14,541.63,36.54,106.67,0.6591,-1,-1,-1
10,3,1669.42,602.42,64.83,127.02,0.7865,-1,-1,-1
10,4,1582.40,603.77,50.04,122.42,0.6845,-1,-1,-1
10,5,-0.37,728.21,48.99,115.63,0.6397,-1,-1,-1
10,6,489.45,543.43,35.98,99.29,0.4576,-1,-1,-1
10,8,1472.31,523.36,29.93,87.52,0.3215,-1,-1,-1
10,15,528.94,552.19,29.01,91.71,0.3903,-1,-1,-1
10,16,209.92,612.85,42.41,132.47,0.5095,-1,-1,-1
11,2,1401.00,530.80,36.44,106.99,0.6749,-1,-1,-1
11,3,1679.86,576.68,64.69,135.58,0.7657,-1,-1,-1
11,4,1589.34,586.43,51.08,126.76,0.6553,-1,-1,-1
11,5,-1.31,749.44,37.89,119.67,0.4077,-1,-1,-1
11,8,1471.98,511.31,32.86,86.86,0.3871,-1,-1,-1
11,10,85.27,589.36,59.32,170.76,0.3530,-1,-1,-1
11,16,201.59,612.53,44.38,143.26,0.4303,-1,-1,-1
12,2,1403.13,532.13,37.55,110.71,0.6856,-1,-1,-1
12,3,1687.78,589.81,64.54,132.42,0.7709,-1,-1,-1
12,4,1596.76,591.88,53.47,128.71,0.7065,-1,-1,-1
12,8,1474.91,514.24,37.52,89.76,0.3874,-1,-1,-1
12,10,76.86,591.21,57.27,167.58,0.3983,-1,-1,-1
12,16,192.06,606.99,47.26,151.27,0.5128,-1,-1,-1
13,2,1408.12,529.87,35.25,104.78,0.7171,-1,-1,-1
13,3,1693.48,590.63,64.70,131.50,0.7226,-1,-1,-1
13,4,1599.21,594.65,57.17,126.55,0.6664,-1,-1,-1
13,8,1475.44,511.55,40.45,91.10,0.4241,-1,-1,-1
13,16,174.10,579.20,55.04,167.16,0.5474,-1,-1,-1
14,2,1408.25,529.13,35.87,102.44,0.6684,-1,-1,-1
14,3,1702.68,582.31,61.79,133.42,0.6837,-1,-1,-1
14,4,1611.90,585.13,54.48,129.63,0.6282,-1,-1,-1
14,6,480.34,550.78,33.00,96.46,0.3018,-1,-1,-1
14,10,54.55,584.62,56.01,175.62,0.3519,-1,-1,-1
14,15,518.26,545.69,33.98,101.20,0.3135,-1,-1,-1
14,16,168.48,599.04,51.22,165.57,0.3145,-1,-1,-1
15,2,1412.38,532.18,35.62,106.07,0.5294,-1,-1,-1
15,3,1711.44,584.72,61.87,138.49,0.7500,-1,-1,-1
15,4,1620.29,592.37,52.14,129.59,0.7189,-1,-1,-1
15,6,479.90,548.49,33.99,96.22,0.3125,-1,-1,-1
15,15,518.92,538.06,34.44,105.37,0.3996,-1,-1,-1
16,2,1416.93,533.10,34.30,104.86,0.5458,-1,-1,-1
16,3,1716.46,592.14,60.62,135.74,0.7422,-1,-1,-1
16,4,1626.74,593.78,55.97,130.48,0.6976,-1,-1,-1
16,6,478.33,541.38,34.09,101.44,0.3862,-1,-1,-1
16,10,33.56,583.69,54.58,175.66,0.4577,-1,-1,-1
16,15,516.16,536.70,36.15,106.17,0.4636,-1,-1,-1
16,16,143.85,602.07,51.56,162.24,0.3296,-1,-1,-1
17,2,1418.40,533.25,37.44,108.30,0.6035,-1,-1,-1
17,3,1723.85,589.60,62.16,139.10,0.7096,-1,-1,-1
17,4,1635.56,588.38,53.75,134.63,0.6952,-1,-1,-1
17,6,476.25,543.81,35.89,102.58,0.5147,-1,-1,-1
17,10,21.34,588.28,53.01,180.92,0.3848,-1,-1,-1
17,15,513.91,539.95,38.36,106.94,0.4907,-1,-1,-1
17,16,133.32,602.98,47.51,169.85,0.4308,-1,-1,-1
18,2,1420.40,533.34,37.18,109.00,0.6993,-1,-1,-1
18,3,1733.59,594.22,61.08,137.47,0.7042,-1,-1,-1
18,4,1644.64,591.18,54.27,135.04,0.6255,-1,-1,-1
18,6,474.74,541.17,38.34,104.84,0.5551,-1,-1,-1
18,10,9.18,589.79,54.11,185.52,0.3945,-1,-1,-1
18,15,513.77,540.80,37.89,106.33,0.5021,-1,-1,-1
19,2,1422.75,534.30,38.07,107.82,0.7342,-1,-1,-1
19,3,1742.28,594.94,63.28,139.09,0.7481,-1,-1,-1
19,4,1651.65,592.22,54.86,135.33,0.4434,-1,-1,-1
19,6,473.42,540.18,37.77,106.19,0.5131,-1,-1,-1
19,10,0.49,587.55,49.22,186.11,0.3763,-1,-1,-1
19,15,511.55,540.01,39.56,107.76,0.5126,-1,-1,-1
20,2,1424.36,534.59,38.60,106.14,0.7477,-1,-1,-1
20,3,1750.85,596.78,62.55,139.79,0.7429,-1,-1,-1
20,4,1659.98,593.90,51.66,135.06,0.6052,-1,-1,-1
20,6,471.31,544.85,37.39,106.79,0.4014,-1,-1,-1
20,10,-2.66,595.84,37.97,184.77,0.4794,-1,-1,-1
20,15,507.86,536.61,40.85,114.62,0.4847,-1,-1,-1
21,2,1426.12,532.48,40.18,112.05,0.6908,-1,-1,-1
21,3,1758.65,597.24,62.89,140.49,0.7462,-1,-1,-1
21,4,1667.09,596.93,55.23,137.39,0.6871,-1,-1,-1
21,6,468.22,549.75,34.99,101.39,0.4583,-1,-1,-1
21,10,-4.98,615.76,26.01,168.19,0.3771,-1,-1,-1
21,15,506.94,539.37,39.48,113.63,0.5237,-1,-1,-1
22,2,1429.89,538.04,40.23,102.91,0.6691,-1,-1,-1
22,3,1772.57,601.95,59.71,137.98,0.7483,-1,-1,-1
22,4,1675.06,597.95,54.14,140.92,0.6264,-1,-1,-1
22,6,465.53,550.97,36.51,103.53,0.5558,-1,-1,-1
22,15,504.65,544.28,37.05,111.57,0.5124,-1,-1,-1
23,2,1430.92,538.78,40.03,109.52,0.6631,-1,-1,-1
23,3,1779.04,599.86,63.28,145.85,0.7717,-1,-1,-1
23,4,1680.76,600.51,56.49,143.10,0.7254,-1,-1,-1
23,6,465.86,549.18,33.90,105.99,0.4278,-1,-1,-1
23,15,498.99,548.19,42.36,108.58,0.5497,-1,-1,-1
24,2,1436.63,529.90,37.87,115.99,0.6539,-1,-1,-1
24,3,1789.15,593.11,65.28,151.97,0.7111,-1,-1,-1
24,4,1686.74,601.45,59.00,142.99,0.7311,-1,-1,-1
24,6,460.55,549.51,42.18,108.57,0.4739,-1,-1,-1
24,15,496.36,552.69,37.96,106.07,0.4579,-1,-1,-1
24,20,665.63,532.21,25.65,77.08,0.3691,-1,-1,-1
25,2,1437.89,535.30,40.98,121.18,0.6621,-1,-1,-1
25,3,1797.35,604.23,67.92,147.63,0.7095,-1,-1,-1
25,4,1696.15,607.48,55.68,148.48,0.7278,-1,-1,-1
25,6,458.21,546.64,44.14,114.30,0.4381,-1,-1,-1
25,15,497.04,552.46,38.65,108.90,0.4673,-1,-1,-1
26,2,1439.75,538.50,44.39,118.83,0.7230,-1,-1,-1
26,3,1807.22,607.92,69.33,146.52,0.5900,-1,-1,-1
26,4,1704.13,611.74,59.42,149.73,0.7248,-1,-1,-1
26,6,456.90,549.82,41.70,113.16,0.5107,-1,-1,-1
26,15,495.22,549.06,40.53,114.24,0.5505,-1,-1,-1
26,20,664.20,534.71,27.24,79.48,0.4047,-1,-1,-1
26,21,1530.53,519.08,27.59,86.05,0.4781,-1,-1,-1
27,2,1443.96,542.20,41.00,113.50,0.7473,-1,-1,-1
27,3,1813.82,612.01,74.92,150.77,0.6523,-1,-1,-1
27,4,1710.95,615.87,59.91,148.84,0.6736,-1,-1,-1
27,6,452.75,557.54,43.18,109.94,0.3937,-1,-1,-1
27,15,493.56,562.32,40.11,104.68,0.6101,-1,-1,-1
27,21,1530.62,520.70,32.72,86.21,0.6918,-1,-1,-1
28,2,1446.97,546.00,45.81,110.49,0.7280,-1,-1,-1
28,3,1822.67,610.78,74.73,157.32,0.7715,-1,-1,-1
28,4,1718.27,616.99,60.08,152.20,0.6737,-1,-1,-1
28,6,450.09,558.68,41.55,109.22,0.3524,-1,-1,-1
28,15,491.13,565.22,39.50,102.79,0.5865,-1,-1,-1
28,21,1534.01,525.81,34.01,83.63,0.5366,-1,-1,-1
29,2,1452.25,550.95,39.25,109.90,0.7081,-1,-1,-1
29,3,1829.69,620.37,75.58,159.81,0.6925,-1,-1,-1
29,4,1725.86,623.06,60.43,160.34,0.7233,-1,-1,-1
29,6,448.51,563.64,41.17,104.76,0.4895,-1,-1,-1
29,15,490.98,569.01,38.13,99.04,0.5287,-1,-1,-1
29,21,1536.15,525.95,33.57,90.60,0.5617,-1,-1,-1
30,2,1454.27,550.25,42.04,111.77,0.6417,-1,-1,-1
30,3,1835.69,620.88,79.79,151.08,0.6343,-1,-1,-1
30,4,1739.19,624.36,58.99,159.57,0.7528,-1,-1,-1
30,6,443.72,566.12,43.14,111.11,0.6151,-1,-1,-1
30,15,488.94,575.18,38.50,102.05,0.5004,-1,-1,-1
30,21,1539.05,525.21,34.10,91.85,0.5648,-1,-1,-1
31,2,1457.18,551.79,41.75,120.93,0.6285,-1,-1,-1
31,3,1852.54,627.56,66.95,149.80,0.6390,-1,-1,-1
31,4,1750.09,628.22,58.33,154.64,0.5785,-1,-1,-1
31,6,443.17,579.54,39.76,109.87,0.5757,-1,-1,-1
31,15,488.78,579.19,37.34,110.00,0.4165,-1,-1,-1
31,21,1543.24,525.53,32.77,96.97,0.4866,-1,-1,-1
32,2,1461.62,557.26,39.38,119.59,0.6370,-1,-1,-1
32,3,1859.10,635.92,60.18,161.02,0.6872,-1,-1,-1
32,4,1757.75,632.16,60.86,155.06,0.6769,-1,-1,-1
32,6,441.21,572.90,41.51,107.66,0.5729,-1,-1,-1
32,8,1546.54,530.32,33.38,90.83,0.5976,-1,-1,-1
32,15,486.71,573.56,39.17,108.64,0.5267,-1,-1,-1
33,2,1464.71,541.97,42.63,125.65,0.7429,-1,-1,-1
33,3,1870.51,621.69,48.77,169.74,0.6662,-1,-1,-1
33,4,1767.75,620.22,60.28,152.52,0.6461,-1,-1,-1
33,6,439.64,564.03,39.24,108.90,0.5151,-1,-1,-1
33,8,1549.85,518.49,33.27,90.15,0.6533,-1,-1,-1
33,15,484.01,568.95,37.20,107.85,0.4873,-1,-1,-1
33,20,651.89,544.52,33.72,80.06,0.3181,-1,-1,-1
34,2,1469.07,545.13,41.45,124.67,0.7610,-1,-1,-1
34,3,1880.77,633.78,38.91,146.92,0.5550,-1,-1,-1
34,4,1774.61,620.65,65.10,157.14,0.7453,-1,-1,-1
34,6,436.61,573.29,39.64,104.57,0.4813,-1,-1,-1
34,8,1553.67,518.67,32.11,93.00,0.5972,-1,-1,-1
34,15,480.25,566.81,38.94,113.46,0.5207,-1,-1,-1
35,2,1470.66,539.33,45.88,125.91,0.7299,-1,-1,-1
35,4,1784.77,622.19,66.96,158.22,0.6379,-1,-1,-1
35,6,435.09,565.90,40.04,103.30,0.4298,-1,-1,-1
35,8,1560.72,516.10,30.90,92.57,0.5334,-1,-1,-1
35,15,477.82,559.93,39.15,111.66,0.3760,-1,-1,-1
36,2,1477.34,536.48,43.04,129.42,0.7514,-1,-1,-1
36,4,1793.53,618.19,70.04,167.81,0.7064,-1,-1,-1
36,6,432.03,561.42,41.48,105.04,0.3527,-1,-1,-1
36,15,475.09,551.08,38.71,117.59,0.3022,-1,-1,-1
36,21,1565.09,515.69,30.79,91.37,0.3399,-1,-1,-1
37,2,1481.02,538.17,41.62,126.49,0.7195,-1,-1,-1
37,4,1800.22,622.28,76.21,169.51,0.7729,-1,-1,-1
37,6,429.35,552.96,38.11,110.09,0.3535,-1,-1,-1
37,15,469.41,539.34,42.77,125.63,0.4701,-1,-1,-1
37,21,1570.65,514.62,32.70,92.02,0.4271,-1,-1,-1
38,2,1485.16,533.07,40.61,130.04,0.7105,-1,-1,-1
38,4,1809.43,616.92,77.78,177.99,0.7811,-1,-1,-1
38,6,426.35,550.18,39.22,115.23,0.4980,-1,-1,-1
38,15,466.42,540.56,44.54,124.97,0.5374,-1,-1,-1
38,21,1575.51,503.34,30.69,96.88,0.4790,-1,-1,-1
39,2,1488.01,538.73,43.11,127.45,0.7030,-1,-1,-1
39,4,1822.40,629.83,75.80,173.85,0.7505,-1,-1,-1
39,6,423.04,541.89,39.51,115.40,0.4522,-1,-1,-1
39,15,465.28,529.31,43.52,127.76,0.4775,-1,-1,-1
39,21,1581.06,507.56,33.91,97.05,0.5142,-1,-1,-1
40,2,1492.22,536.52,41.37,126.51,0.7111,-1,-1,-1
40,4,1834.78,626.76,74.42,177.88,0.7794,-1,-1,-1
40,6,420.59,541.27,38.79,120.37,0.3850,-1,-1,-1
40,15,465.45,538.84,43.25,123.21,0.4696,-1,-1,-1
40,21,1582.88,500.84,35.79,102.73,0.3280,-1,-1,-1
41,2,1495.24,547.30,44.28,119.47,0.6972,-1,-1,-1
41,4,1845.63,633.21,73.71,179.90,0.7577,-1,-1,-1
41,6,419.62,535.19,40.26,124.46,0.4087,-1,-1,-1
41,15,463.15,538.00,45.03,121.43,0.4696,-1,-1,-1
41,21,1589.69,502.46,39.14,105.88,0.4960,-1,-1,-1
42,2,1501.30,548.09,43.04,120.37,0.6868,-1,-1,-1
42,4,1857.92,638.29,61.51,180.05,0.6916,-1,-1,-1
42,6,418.68,536.51,43.84,127.40,0.5487,-1,-1,-1
42,15,461.81,545.27,46.88,117.51,0.4622,-1,-1,-1
42,20,646.67,521.65,33.17,91.07,0.3100,-1,-1,-1
42,21,1594.59,507.76,34.64,101.29,0.5748,-1,-1,-1
43,2,1506.20,549.07,42.39,122.67,0.6678,-1,-1,-1
43,4,1870.77,644.22,48.69,170.57,0.6621,-1,-1,-1
43,6,415.24,536.06,45.63,130.55,0.5425,-1,-1,-1
43,15,457.41,531.83,46.53,131.94,0.4131,-1,-1,-1
43,21,1596.78,511.49,33.94,98.13,0.5064,-1,-1,-1
43,23,502.48,529.03,33.93,89.46,0.3720,-1,-1,-1
44,2,1511.82,552.81,42.63,120.58,0.6220,-1,-1,-1
44,4,1882.01,651.20,37.40,166.61,0.6409,-1,-1,-1
44,6,416.46,535.17,43.99,133.04,0.3814,-1,-1,-1
44,15,451.58,531.75,49.41,136.98,0.4002,-1,-1,-1
44,21,1600.01,510.58,38.36,100.97,0.5301,-1,-1,-1
45,2,1515.55,556.15,44.22,129.76,0.7575,-1,-1,-1
45,4,1892.59,673.85,26.95,159.92,0.4757,-1,-1,-1
45,6,416.15,534.54,42.16,132.05,0.3758,-1,-1,-1
45,15,451.09,531.68,48.40,135.82,0.3258,-1,-1,-1
45,21,1603.82,514.21,40.63,101.90,0.5885,-1,-1,-1
46,2,1520.15,554.12,42.49,135.04,0.7570,-1,-1,-1
46,6,406.32,539.84,48.97,127.91,0.3123,-1,-1,-1
46,15,449.05,534.06,46.98,136.97,0.3441,-1,-1,-1
46,21,1608.80,515.66,39.67,100.76,0.5480,-1,-1,-1
47,2,1525.11,559.23,43.65,131.47,0.7205,-1,-1,-1
47,15,449.37,538.33,44.23,132.81,0.3277,-1,-1,-1
47,20,640.88,530.94,31.31,87.59,0.3538,-1,-1,-1
47,21,1619.25,527.74,34.35,93.22,0.5303,-1,-1,-1
47,23,492.06,515.30,37.01,104.41,0.3365,-1,-1,-1
48,2,1528.81,560.04,45.10,133.48,0.7090,-1,-1,-1
48,6,403.20,536.32,47.39,134.89,0.3399,-1,-1,-1
48,15,448.49,544.25,45.24,131.69,0.3629,-1,-1,-1
48,21,1622.02,528.25,31.84,91.79,0.6493,-1,-1,-1
48,23,490.16,529.07,36.09,95.60,0.3159,-1,-1,-1
49,2,1533.66,558.62,44.87,136.43,0.7107,-1,-1,-1
49,6,396.93,555.44,44.83,121.12,0.4164,-1,-1,-1
49,15,445.99,550.79,44.19,126.53,0.5423,-1,-1,-1
49,21,1625.93,533.08,31.46,90.83,0.7157,-1,-1,-1
50,2,1538.21,557.20,46.01,137.63,0.6966,-1,-1,-1
50,6,396.87,554.76,43.93,118.42,0.3637,-1,-1,-1
50,15,444.39,559.65,43.47,117.77,0.5618,-1,-1,-1
50,21,1632.07,530.38,27.88,90.28,0.4166,-1,-1,-1
50,26,569.47,533.07,31.06,93.54,0.3224,-1,-1,-1
51,2,1542.41,561.48,46.51,137.54,0.6992,-1,-1,-1
51,6,396.87,550.46,44.08,120.67,0.4895,-1,-1,-1
51,15,441.90,567.12,43.38,109.78,0.5522,-1,-1,-1
51,21,1637.48,533.78,29.84,89.72,0.6433,-1,-1,-1
52,2,1546.64,557.84,50.49,148.50,0.7092,-1,-1,-1
52,6,395.31,551.63,45.74,123.44,0.5372,-1,-1,-1
52,15,441.93,568.87,40.74,109.27,0.5690,-1,-1,-1
52,20,635.95,538.10,31.96,88.40,0.4136,-1,-1,-1
52,21,1640.09,532.25,30.34,91.14,0.5623,-1,-1,-1
52,28,335.76,561.58,36.73,112.69,0.5025,-1,-1,-1
53,2,1550.70,556.23,51.69,152.41,0.6876,-1,-1,-1
53,6,392.21,550.64,45.76,127.24,0.5311,-1,-1,-1
53,15,439.12,565.72,44.28,114.19,0.5363,-1,-1,-1
53,20,636.45,536.45,30.57,90.38,0.4406,-1,-1,-1
53,21,1644.19,533.44,30.35,89.62,0.5337,-1,-1,-1
53,28,329.47,557.80,40.88,118.91,0.4316,-1,-1,-1
54,2,1553.15,557.04,52.67,153.69,0.7243,-1,-1,-1
54,6,387.66,548.37,45.38,129.55,0.5157,-1,-1,-1
54,15,436.05,567.31,44.62,113.31,0.5620,-1,-1,-1
54,20,635.67,534.79,31.47,90.79,0.3953,-1,-1,-1
54,21,1648.71,534.31,30.43,89.44,0.5927,-1,-1,-1
54,26,553.46,533.36,34.75,95.41,0.3110,-1,-1,-1
54,28,327.69,561.94,41.71,112.33,0.5001,-1,-1,-1
55,2,1558.14,553.23,52.39,158.43,0.7489,-1,-1,-1
55,6,384.07,543.27,45.88,134.64,0.5710,-1,-1,-1
55,15,434.79,562.43,44.20,118.34,0.4615,-1,-1,-1
55,20,635.91,535.66,30.22,90.61,0.3400,-1,-1,-1
55,21,1653.68,532.94,32.59,92.08,0.6041,-1,-1,-1
55,28,325.77,558.90,43.05,113.87,0.4942,-1,-1,-1
56,2,1563.14,553.58,51.70,156.40,0.7373,-1,-1,-1
56,6,382.69,550.98,43.90,127.79,0.5221,-1,-1,-1
56,15,430.80,562.84,43.11,118.89,0.3546,-1,-1,-1
56,20,632.57,536.16,26.44,92.37,0.3524,-1,-1,-1
56,21,1656.88,524.41,36.44,101.59,0.7227,-1,-1,-1
56,26,551.93,533.16,30.41,97.53,0.3292,-1,-1,-1
56,28,320.51,557.47,45.86,116.09,0.5542,-1,-1,-1
57,2,1567.66,551.97,53.33,156.90,0.7168,-1,-1,-1
57,6,380.04,551.11,43.73,127.56,0.5247,-1,-1,-1
57,15,425.80,560.86,43.97,119.74,0.4543,-1,-1,-1
57,20,630.76,536.32,27.89,92.64,0.3481,-1,-1,-1
57,21,1658.35,519.95,37.20,104.56,0.7179,-1,-1,-1
57,26,550.03,532.29,31.34,98.62,0.3742,-1,-1,-1
57,28,314.69,556.67,45.69,118.17,0.4610,-1,-1,-1
58,2,1571.55,557.63,53.09,151.40,0.6330,-1,-1,-1
58,6,377.19,546.94,43.10,130.18,0.5754,-1,-1,-1
58,15,421.15,558.75,45.03,120.70,0.4634,-1,-1,-1
58,20,631.18,536.20,27.51,91.12,0.3272,-1,-1,-1
58,21,1661.08,513.53,36.99,108.43,0.6824,-1,-1,-1
58,26,545.67,532.70,32.27,96.70,0.3047,-1,-1,-1
58,28,309.33,554.04,47.58,116.97,0.4667,-1,-1,-1
59,2,1578.66,563.91,50.15,146.58,0.6308,-1,-1,-1
59,6,373.97,543.45,41.49,131.96,0.5620,-1,-1,-1
59,15,418.04,560.58,46.09,117.85,0.4145,-1,-1,-1
59,20,626.82,535.61,29.05,90.40,0.3698,-1,-1,-1
59,21,1663.90,509.73,41.36,112.01,0.6578,-1,-1,-1
59,28,306.58,551.03,47.04,120.82,0.4357,-1,-1,-1
60,2,1581.66,559.67,51.33,151.45,0.6268,-1,-1,-1
60,6,369.16,547.13,41.20,128.72,0.5510,-1,-1,-1
60,15,416.46,563.84,48.02,114.84,0.3870,-1,-1,-1
60,21,1664.93,510.81,42.23,110.68,0.7210,-1,-1,-1
60,28,303.23,555.13,47.75,116.88,0.3951,-1,-1,-1
61,2,1585.51,547.80,52.45,158.38,0.6205,-1,-1,-1
61,6,365.41,549.60,45.13,127.99,0.4771,-1,-1,-1
61,15,415.47,561.04,47.40,118.03,0.4222,-1,-1,-1
61,21,1665.74,509.45,45.02,106.97,0.7169,-1,-1,-1
61,28,299.66,558.98,49.59,114.48,0.4345,-1,-1,-1
62,2,1589.83,556.01,54.43,155.52,0.7001,-1,-1,-1
62,6,360.94,541.86,47.11,130.96,0.4603,-1,-1,-1
62,15,413.44,551.03,42.17,125.49,0.3490,-1,-1,-1
62,20,622.95,530.83,27.09,94.01,0.3752,-1,-1,-1
62,21,1671.23,519.74,44.59,103.19,0.5488,-1,-1,-1
62,28,296.57,551.36,48.97,115.26,0.4384,-1,-1,-1
63,2,1597.08,544.09,53.09,155.29,0.6411,-1,-1,-1
63,6,360.55,563.83,43.86,128.36,0.4003,-1,-1,-1
63,15,412.33,571.32,45.54,120.10,0.3700,-1,-1,-1
63,21,1681.03,514.27,37.53,94.13,0.5719,-1,-1,-1
63,28,295.01,572.09,46.36,115.80,0.4958,-1,-1,-1
64,2,1599.79,564.43,57.21,151.97,0.6265,-1,-1,-1
64,6,357.41,539.25,45.25,134.89,0.4848,-1,-1,-1
64,15,403.46,546.67,45.48,128.42,0.3328,-1,-1,-1
64,20,621.73,530.59,25.80,95.53,0.3509,-1,-1,-1
64,21,1688.80,530.69,33.65,93.99,0.6374,-1,-1,-1
64,28,291.86,550.03,45.51,117.88,0.4852,-1,-1,-1
65,2,1602.62,562.08,56.42,149.88,0.7297,-1,-1,-1
65,6,349.13,552.10,47.52,131.65,0.4789,-1,-1,-1
65,15,400.92,561.09,45.76,122.48,0.3862,-1,-1,-1
65,21,1690.54,528.98,33.21,89.15,0.6811,-1,-1,-1
65,26,527.98,532.71,32.03,99.51,0.3402,-1,-1,-1
65,28,287.71,561.41,43.27,116.73,0.5095,-1,-1,-1
66,2,1610.94,561.53,55.35,149.58,0.7218,-1,-1,-1
66,6,348.31,557.74,46.98,134.99,0.6009,-1,-1,-1
66,15,397.59,566.72,48.66,123.55,0.5012,-1,-1,-1
66,20,618.96,542.41,25.86,92.45,0.3274,-1,-1,-1
66,21,1698.34,520.01,33.38,92.36,0.6913,-1,-1,-1
66,28,288.27,566.86,40.75,114.59,0.5079,-1,-1,-1
66,30,468.30,559.40,30.35,73.29,0.4145,-1,-1,-1
67,2,1613.76,568.15,56.43,154.86,0.7347,-1,-1,-1
67,6,342.70,544.13,49.86,136.01,0.5524,-1,-1,-1
67,15,394.13,558.63,46.56,120.72,0.5553,-1,-1,-1
67,21,1698.57,536.66,35.20,90.99,0.6537,-1,-1,-1
67,28,281.61,546.99,41.85,121.87,0.3359,-1,-1,-1
67,30,459.14,552.14,31.22,70.60,0.3430,-1,-1,-1
68,2,1617.34,564.55,56.66,152.28,0.7318,-1,-1,-1
68,6,340.97,556.57,46.77,130.71,0.5780,-1,-1,-1
68,15,388.39,562.73,50.27,123.38,0.5489,-1,-1,-1
68,21,1701.98,528.34,33.21,89.96,0.5779,-1,-1,-1
68,28,277.72,562.09,41.35,119.05,0.4448,-1,-1,-1
68,30,455.03,558.69,30.51,72.91,0.4476,-1,-1,-1
69,2,1621.65,571.35,58.86,157.27,0.7563,-1,-1,-1
69,6,333.77,543.82,51.24,137.75,0.4394,-1,-1,-1
69,15,386.49,556.78,46.29,123.19,0.4938,-1,-1,-1
69,21,1704.28,538.59,35.04,91.43,0.6500,-1,-1,-1
69,28,272.57,550.54,40.15,126.11,0.4400,-1,-1,-1
69,30,451.19,553.76,27.94,73.66,0.4046,-1,-1,-1
70,2,1625.65,566.09,59.38,156.93,0.7757,-1,-1,-1
70,6,330.48,545.09,50.10,139.48,0.5193,-1,-1,-1
70,15,380.45,555.82,47.89,128.27,0.5873,-1,-1,-1
70,21,1705.18,534.89,35.04,93.02,0.5962,-1,-1,-1
70,28,266.83,549.34,43.60,130.20,0.3747,-1,-1,-1
70,30,443.46,555.32,30.56,74.74,0.4612,-1,-1,-1
71,2,1630.25,571.97,58.59,159.41,0.7564,-1,-1,-1
71,6,329.25,546.85,47.60,135.47,0.5147,-1,-1,-1
71,15,374.83,553.02,48.69,129.00,0.5607,-1,-1,-1
71,20,598.60,539.71,28.51,96.86,0.3385,-1,-1,-1
71,21,1706.53,536.85,35.06,93.78,0.6897,-1,-1,-1
71,26,504.81,531.81,37.29,108.15,0.4427,-1,-1,-1
71,30,436.50,552.80,33.66,75.78,0.3959,-1,-1,-1
72,2,1633.26,558.86,60.28,173.82,0.7885,-1,-1,-1
72,6,325.53,552.05,49.17,133.67,0.6164,-1,-1,-1
72,15,370.93,554.88,47.31,130.56,0.6105,-1,-1,-1
72,21,1706.65,536.21,36.38,91.42,0.6906,-1,-1,-1
72,26,503.41,535.01,36.14,107.19,0.3700,-1,-1,-1
72,30,428.72,555.74,35.01,75.57,0.4245,-1,-1,-1
73,2,1638.25,563.96,60.54,172.31,0.6738,-1,-1,-1
73,6,316.87,543.49,51.64,138.13,0.4709,-1,-1,-1
73,15,366.66,548.49,47.77,133.32,0.5836,-1,-1,-1
73,21,1708.57,538.97,39.12,94.62,0.5833,-1,-1,-1
73,26,500.43,534.78,35.14,106.04,0.3436,-1,-1,-1
73,28,252.29,552.95,39.98,128.02,0.3369,-1,-1,-1
73,30,424.93,551.86,30.70,74.52,0.4058,-1,-1,-1
74,2,1641.27,571.08,65.04,167.08,0.7210,-1,-1,-1
74,6,314.60,543.16,48.94,140.69,0.3724,-1,-1,-1
74,15,363.09,548.36,49.01,134.81,0.4973,-1,-1,-1
74,20,583.24,538.24,27.68,100.45,0.3059,-1,-1,-1
74,21,1710.96,535.97,37.27,93.50,0.5858,-1,-1,-1
74,28,247.47,542.64,45.89,139.09,0.3169,-1,-1,-1
74,30,417.39,553.31,34.96,74.30,0.4468,-1,-1,-1
75,2,1643.49,578.39,64.97,163.09,0.7429,-1,-1,-1
75,6,305.45,548.54,49.78,135.17,0.4164,-1,-1,-1
75,15,355.57,556.43,47.26,128.27,0.6082,-1,-1,-1
75,20,580.29,536.73,28.59,103.58,0.3460,-1,-1,-1
75,21,1712.13,539.28,37.79,93.60,0.5706,-1,-1,-1
75,30,412.65,554.62,32.64,75.98,0.3757,-1,-1,-1
76,2,1647.81,579.03,64.00,163.43,0.7341,-1,-1,-1
76,6,293.54,543.34,57.69,140.97,0.4755,-1,-1,-1
76,15,350.82,551.96,48.56,130.88,0.4953,-1,-1,-1
76,20,575.63,535.89,31.19,103.35,0.3407,-1,-1,-1
76,21,1712.52,539.22,38.63,91.20,0.5478,-1,-1,-1
76,30,399.68,552.67,36.88,74.29,0.3273,-1,-1,-1
77,2,1649.08,581.09,67.97,162.91,0.7195,-1,-1,-1
77,6,292.04,545.15,53.16,139.03,0.4480,-1,-1,-1
77,15,343.49,549.40,48.48,132.84,0.6133,-1,-1,-1
77,20,573.83,533.61,30.03,104.78,0.3860,-1,-1,-1
77,21,1713.65,540.88,38.26,90.88,0.5368,-1,-1,-1
77,26,476.05,534.76,42.50,111.01,0.3060,-1,-1,-1
77,30,396.54,553.85,33.08,77.43,0.3709,-1,-1,-1
78,2,1652.77,581.78,68.15,164.49,0.7336,-1,-1,-1
78,6,280.99,540.76,56.24,144.64,0.4271,-1,-1,-1
78,15,340.39,552.67,47.72,132.85,0.5297,-1,-1,-1
78,20,571.09,535.71,27.55,101.08,0.3059,-1,-1,-1
78,21,1713.35,540.80,38.40,91.23,0.5829,-1,-1,-1
78,28,222.68,543.63,43.37,139.19,0.3029,-1,-1,-1
78,30,390.38,552.81,34.94,77.68,0.3429,-1,-1,-1
79,2,1653.08,585.22,73.05,161.95,0.7503,-1,-1,-1
79,6,270.28,537.84,62.09,145.97,0.5009,-1,-1,-1
79,15,333.42,548.39,50.22,136.28,0.5562,-1,-1,-1
79,20,546.94,535.89,41.85,108.64,0.3190,-1,-1,-1
79,21,1712.80,539.96,39.05,90.54,0.5743,-1,-1,-1
79,26,463.50,529.78,39.20,114.51,0.3435,-1,-1,-1
79,30,382.70,552.30,33.42,76.99,0.3437,-1,-1,-1
80,2,1653.31,581.48,75.19,167.64,0.7249,-1,-1,-1
80,6,262.87,536.94,64.54,148.54,0.5575,-1,-1,-1
80,15,327.16,553.22,49.94,134.16,0.6084,-1,-1,-1
80,20,550.18,534.70,38.06,111.66,0.3065,-1,-1,-1
80,21,1712.12,536.06,39.59,92.02,0.6115,-1,-1,-1
80,26,455.38,529.71,44.61,118.67,0.4903,-1,-1,-1
80,30,373.24,553.99,35.76,76.70,0.3363,-1,-1,-1
81,2,1657.57,581.76,72.26,167.03,0.7504,-1,-1,-1
81,6,266.69,549.06,51.45,135.67,0.3501,-1,-1,-1
81,15,318.26,553.44,51.48,133.53,0.5708,-1,-1,-1
81,20,547.38,539.92,38.07,106.00,0.3280,-1,-1,-1
81,21,1711.48,536.07,39.23,91.51,0.5704,-1,-1,-1
81,26,451.44,531.28,45.68,120.16,0.3342,-1,-1,-1
81,30,368.19,554.14,33.59,74.67,0.4967,-1,-1,-1
81,33,147.76,556.77,45.77,131.72,0.3818,-1,-1,-1
82,2,1660.20,582.82,71.75,171.12,0.7395,-1,-1,-1
82,6,262.61,536.34,49.10,146.21,0.3820,-1,-1,-1
82,15,311.75,555.37,49.28,131.75,0.4983,-1,-1,-1
82,21,1712.15,537.19,36.05,91.15,0.6128,-1,-1,-1
82,30,359.69,555.13,34.47,76.43,0.3522,-1,-1,-1
82,33,138.97,556.21,49.85,135.45,0.4349,-1,-1,-1
83,2,1666.83,581.76,66.21,172.43,0.7061,-1,-1,-1
83,6,256.52,542.30,47.07,145.51,0.4586,-1,-1,-1
83,15,304.26,558.85,51.95,130.57,0.6694,-1,-1,-1
83,21,1712.09,536.65,35.49,91.08,0.5894,-1,-1,-1
83,26,439.88,537.78,42.19,114.77,0.3829,-1,-1,-1
83,30,356.12,558.47,31.48,74.02,0.3571,-1,-1,-1
83,33,129.78,558.98,51.84,132.90,0.5458,-1,-1,-1
84,2,1664.11,579.23,74.02,178.42,0.7242,-1,-1,-1
84,6,243.85,552.71,54.21,138.58,0.5413,-1,-1,-1
84,15,295.78,562.96,55.62,127.70,0.5318,-1,-1,-1
84,21,1712.89,535.48,34.04,92.67,0.5715,-1,-1,-1
84,26,432.89,536.66,41.89,113.94,0.3586,-1,-1,-1
84,30,346.55,557.55,31.78,74.34,0.4252,-1,-1,-1
84,33,121.84,561.52,52.17,134.48,0.5341,-1,-1,-1
84,34,462.00,545.82,44.14,110.55,0.3908,-1,-1,-1
85,2,1667.95,580.68,72.29,180.36,0.7671,-1,-1,-1
85,6,244.13,557.73,46.73,135.54,0.4785,-1,-1,-1
85,15,291.40,561.99,49.68,129.21,0.5021,-1,-1,-1
85,21,1711.55,536.20,34.75,92.78,0.4764,-1,-1,-1
85,33,112.30,564.97,54.00,132.99,0.5264,-1,-1,-1
85,35,398.63,558.03,28.49,89.40,0.3140,-1,-1,-1
86,2,1672.07,580.55,69.94,179.16,0.7646,-1,-1,-1
86,6,230.30,556.82,51.10,136.78,0.4305,-1,-1,-1
86,15,284.67,561.04,48.81,132.14,0.5830,-1,-1,-1
86,21,1706.11,533.27,39.18,78.90,0.3145,-1,-1,-1
86,26,422.65,534.08,37.91,122.33,0.3419,-1,-1,-1
86,33,103.74,562.14,55.11,141.54,0.4138,-1,-1,-1
86,34,451.03,538.55,42.30,120.16,0.3605,-1,-1,-1
86,35,390.45,553.65,33.66,94.20,0.4463,-1,-1,-1
87,2,1671.89,584.61,72.55,179.70,0.7968,-1,-1,-1
87,6,225.38,555.63,50.31,139.71,0.4919,-1,-1,-1
87,15,280.22,563.87,52.27,132.59,0.5734,-1,-1,-1
87,26,414.78,537.82,40.62,120.84,0.3092,-1,-1,-1
87,33,96.12,561.00,60.13,136.50,0.5342,-1,-1,-1
87,34,441.78,547.00,42.63,117.03,0.3910,-1,-1,-1
87,35,383.17,554.26,35.86,97.87,0.5402,-1,-1,-1
88,2,1675.16,581.70,71.33,185.19,0.7977,-1,-1,-1
88,6,220.22,561.86,50.40,138.90,0.5733,-1,-1,-1
88,15,270.25,569.62,51.77,131.84,0.5029,-1,-1,-1
88,20,512.67,539.99,37.63,121.31,0.3389,-1,-1,-1
88,33,91.80,567.07,51.46,130.05,0.5030,-1,-1,-1
88,34,432.90,548.22,48.07,119.51,0.4156,-1,-1,-1
88,35,377.80,555.85,34.65,98.21,0.3989,-1,-1,-1
89,2,1679.09,584.17,69.49,189.86,0.8037,-1,-1,-1
89,6,215.65,557.65,47.63,143.12,0.3128,-1,-1,-1
89,15,265.52,566.46,51.47,132.17,0.4706,-1,-1,-1
89,33,84.07,562.13,53.50,136.02,0.4656,-1,-1,-1
89,34,431.25,546.00,41.95,122.80,0.5836,-1,-1,-1
89,35,368.17,554.23,31.13,98.73,0.4574,-1,-1,-1
90,2,1682.48,585.70,69.91,193.15,0.7568,-1,-1,-1
90,6,204.77,555.67,52.49,148.16,0.3254,-1,-1,-1
90,15,260.06,571.16,53.85,134.56,0.5301,-1,-1,-1
90,26,392.68,539.39,41.75,131.70,0.3598,-1,-1,-1
90,33,74.85,565.35,58.57,138.84,0.4846,-1,-1,-1
90,34,420.26,547.45,46.49,125.76,0.3054,-1,-1,-1
90,35,359.55,569.06,36.04,90.92,0.4281,-1,-1,-1
91,2,1684.89,598.92,73.63,185.95,0.7887,-1,-1,-1
91,6,200.13,560.14,50.95,146.09,0.3825,-1,-1,-1
91,15,249.38,553.75,66.96,152.47,0.4393,-1,-1,-1
91,26,384.58,546.37,43.68,124.16,0.3130,-1,-1,-1
91,33,68.25,567.01,55.32,141.91,0.4517,-1,-1,-1
91,34,413.88,551.14,46.41,124.60,0.5728,-1,-1,-1
91,35,354.55,570.81,33.50,89.32,0.3764,-1,-1,-1
92,2,1688.02,602.30,73.66,185.25,0.7964,-1,-1,-1
92,6,189.92,561.66,54.69,150.43,0.3345,-1,-1,-1
92,15,247.33,555.09,61.32,156.40,0.5456,-1,-1,-1
92,26,380.77,558.89,36.64,118.86,0.3352,-1,-1,-1
92,33,56.83,571.45,66.87,142.43,0.3359,-1,-1,-1
92,34,408.15,554.10,43.10,125.65,0.5375,-1,-1,-1
93,2,1688.75,606.25,74.01,186.40,0.8092,-1,-1,-1
93,6,185.52,552.14,52.89,163.18,0.5642,-1,-1,-1
93,15,242.13,571.25,52.92,142.51,0.5533,-1,-1,-1
93,26,370.74,554.46,35.63,126.43,0.3042,-1,-1,-1
93,34,401.15,556.73,44.09,126.99,0.5216,-1,-1,-1
93,35,339.12,580.19,33.04,88.58,0.4045,-1,-1,-1
94,2,1689.95,607.66,73.74,187.37,0.8040,-1,-1,-1
94,6,181.64,563.80,51.95,154.29,0.5233,-1,-1,-1
94,15,235.60,576.31,55.17,140.71,0.5421,-1,-1,-1
94,21,1697.26,541.07,38.83,82.44,0.3709,-1,-1,-1
94,26,365.30,552.25,39.24,129.86,0.4128,-1,-1,-1
94,34,391.94,555.83,45.61,129.20,0.6202,-1,-1,-1
94,35,333.34,581.55,31.53,92.55,0.4827,-1,-1,-1
95,2,1691.91,611.02,75.26,189.60,0.7915,-1,-1,-1
95,6,173.45,564.11,54.85,154.66,0.6019,-1,-1,-1
95,15,226.12,579.96,57.90,139.18,0.5212,-1,-1,-1
95,21,1694.37,543.10,40.77,92.29,0.4892,-1,-1,-1
95,34,387.72,558.96,45.06,128.37,0.5344,-1,-1,-1
96,2,1696.30,611.02,74.62,190.88,0.7886,-1,-1,-1
96,6,164.84,576.62,55.15,148.44,0.4634,-1,-1,-1
96,15,222.03,583.06,51.93,141.80,0.5758,-1,-1,-1
96,21,1693.65,542.09,43.93,95.47,0.5265,-1,-1,-1
96,26,353.30,558.24,34.21,130.22,0.3449,-1,-1,-1
96,34,380.24,567.56,44.32,124.24,0.4838,-1,-1,-1
96,35,316.53,583.85,32.35,89.21,0.4530,-1,-1,-1
97,2,1700.49,612.74,76.80,192.99,0.7860,-1,-1,-1
97,6,158.68,579.42,52.69,140.36,0.5563,-1,-1,-1
97,15,211.45,578.29,56.75,144.67,0.6522,-1,-1,-1
97,21,1692.99,545.28,42.62,94.20,0.5334,-1,-1,-1
97,26,342.93,551.31,39.62,134.74,0.4801,-1,-1,-1
97,34,371.65,556.70,47.37,133.16,0.5171,-1,-1,-1
97,35,308.02,576.77,34.26,99.06,0.5859,-1,-1,-1
98,2,1705.09,612.50,76.63,196.44,0.7919,-1,-1,-1
98,6,151.30,582.92,53.20,143.64,0.5599,-1,-1,-1
98,15,203.42,581.62,55.11,145.94,0.6216,-1,-1,-1
98,20,453.04,564.93,35.24,118.07,0.3323,-1,-1,-1
98,21,1690.98,546.31,40.53,95.15,0.5095,-1,-1,-1
98,26,335.91,561.45,40.18,130.90,0.3058,-1,-1,-1
98,34,366.13,581.76,46.39,111.26,0.6109,-1,-1,-1
98,37,422.31,575.39,38.16,117.27,0.3184,-1,-1,-1
99,2,1706.66,614.42,78.85,197.64,0.7603,-1,-1,-1
99,6,142.29,581.25,54.57,143.01,0.4824,-1,-1,-1
99,15,197.29,578.11,53.63,148.15,0.6654,-1,-1,-1
99,21,1688.52,546.56,41.93,101.87,0.5021,-1,-1,-1
99,26,329.60,556.58,36.43,132.73,0.4519,-1,-1,-1
99,34,358.75,568.18,45.93,123.79,0.5577,-1,-1,-1
99,35,289.83,588.65,34.85,89.05,0.4879,-1,-1,-1
99,37,414.01,573.46,41.12,119.49,0.3764,-1,-1,-1
100,2,1709.30,612.73,80.81,200.24,0.7946,-1,-1,-1
100,6,130.52,583.77,57.07,140.42,0.5672,-1,-1,-1
100,15,188.60,587.46,55.23,141.93,0.6085,-1,-1,-1
100,20,441.74,562.40,32.87,106.33,0.4478,-1,-1,-1
100,21,1685.34,548.67,42.52,101.39,0.6411,-1,-1,-1
100,26,319.39,561.07,39.61,131.91,0.4082,-1,-1,-1
100,34,347.51,576.01,52.19,118.81,0.5459,-1,-1,-1
100,35,281.21,587.14,35.35,96.30,0.5926,-1,-1,-1
101,2,1711.13,615.97,81.12,202.61,0.7865,-1,-1,-1
101,6,123.91,578.48,58.23,144.73,0.6033,-1,-1,-1
101,15,179.55,582.21,58.54,145.18,0.5850,-1,-1,-1
101,20,434.20,561.36,34.42,107.32,0.3740,-1,-1,-1
101,21,1685.25,550.69,38.76,103.05,0.7197,-1,-1,-1
101,26,308.81,576.25,38.49,116.68,0.3813,-1,-1,-1
101,34,340.38,570.93,49.25,122.06,0.5708,-1,-1,-1
101,35,272.77,588.28,33.88,92.15,0.4470,-1,-1,-1
101,37,396.41,571.03,42.30,127.76,0.4529,-1,-1,-1
101,38,1555.11,523.55,23.26,80.34,0.3248,-1,-1,-1
102,2,1712.78,620.46,82.63,199.54,0.8136,-1,-1,-1
102,6,114.75,581.40,57.63,146.41,0.6262,-1,-1,-1
102,15,171.79,583.21,57.37,145.16,0.5693,-1,-1,-1
102,20,432.23,561.68,30.54,110.06,0.3856,-1,-1,-1
102,21,1684.53,550.46,36.93,103.07,0.7410,-1,-1,-1
102,26,302.08,579.98,35.60,113.40,0.3031,-1,-1,-1
102,34,332.18,575.54,49.10,120.44,0.6190,-1,-1,-1
102,35,261.90,593.37,36.43,88.52,0.5423,-1,-1,-1
102,37,389.19,573.58,43.56,126.52,0.3721,-1,-1,-1
102,38,1548.38,521.71,25.39,81.41,0.3885,-1,-1,-1
103,2,1713.68,618.77,86.32,205.93,0.8262,-1,-1,-1
103,6,105.60,578.00,56.97,150.23,0.5525,-1,-1,-1
103,15,163.82,588.28,57.59,142.59,0.5183,-1,-1,-1
103,20,422.67,561.38,31.68,108.12,0.3369,-1,-1,-1
103,21,1683.68,550.37,36.31,102.12,0.7189,-1,-1,-1
103,34,325.97,574.06,52.62,120.87,0.4853,-1,-1,-1
103,35,255.98,589.60,35.77,98.12,0.4423,-1,-1,-1
103,37,385.25,570.33,39.47,128.60,0.3381,-1,-1,-1
103,38,1545.77,518.73,25.15,79.08,0.4540,-1,-1,-1
104,2,1715.08,624.83,87.01,207.24,0.8178,-1,-1,-1
104,6,95.23,576.35,58.61,150.00,0.5657,-1,-1,-1
104,15,154.65,590.19,51.01,138.02,0.4258,-1,-1,-1
104,20,415.21,557.60,34.33,107.22,0.4466,-1,-1,-1
104,21,1682.66,551.75,35.31,102.30,0.7075,-1,-1,-1
104,28,35.38,577.97,52.54,140.50,0.3048,-1,-1,-1
104,34,315.20,577.79,50.96,116.90,0.3580,-1,-1,-1
104,35,247.74,588.53,36.81,93.36,0.3085,-1,-1,-1
104,37,373.37,575.14,41.42,124.92,0.4726,-1,-1,-1
104,38,1545.47,521.57,22.71,76.63,0.3727,-1,-1,-1
105,2,1717.78,624.19,86.70,210.20,0.8057,-1,-1,-1
105,6,87.46,579.57,57.46,149.22,0.6009,-1,-1,-1
105,15,145.45,585.91,59.25,143.65,0.5509,-1,-1,-1
105,20,408.45,560.10,34.20,115.25,0.4024,-1,-1,-1
105,21,1681.64,549.59,34.62,103.52,0.6655,-1,-1,-1
105,28,24.81,580.70,54.16,143.82,0.4171,-1,-1,-1
105,34,305.13,564.83,52.85,132.00,0.5166,-1,-1,-1
105,35,237.46,591.75,37.71,91.99,0.4489,-1,-1,-1
105,37,367.86,569.41,40.72,132.33,0.3747,-1,-1,-1
106,2,1723.82,625.55,84.89,212.40,0.7799,-1,-1,-1
106,6,77.88,574.13,55.40,153.98,0.5599,-1,-1,-1
106,15,139.10,574.74,59.55,154.24,0.5310,-1,-1,-1
106,21,1678.37,549.15,34.18,105.80,0.6087,-1,-1,-1
106,34,299.15,566.60,51.99,130.69,0.5016,-1,-1,-1
106,35,227.66,589.63,36.01,95.83,0.3598,-1,-1,-1
106,37,360.84,566.82,39.81,135.61,0.5134,-1,-1,-1
107,2,1726.71,622.57,84.04,217.22,0.7890,-1,-1,-1
107,6,67.74,572.16,58.85,156.28,0.5917,-1,-1,-1
107,15,130.27,585.12,56.13,146.66,0.4010,-1,-1,-1
107,20,393.28,561.14,34.89,106.14,0.5080,-1,-1,-1
107,21,1677.51,547.51,32.31,105.65,0.5536,-1,-1,-1
107,28,9.01,575.92,51.02,144.97,0.3999,-1,-1,-1
107,34,287.47,557.88,53.15,139.31,0.4681,-1,-1,-1
107,35,218.54,591.63,39.26,97.92,0.5192,-1,-1,-1
107,37,351.42,561.89,42.73,141.44,0.5354,-1,-1,-1
107,39,1533.21,520.85,28.20,77.16,0.4412,-1,-1,-1
108,2,1728.64,628.56,84.89,217.77,0.8030,-1,-1,-1
108,6,53.64,567.71,65.31,161.34,0.5359,-1,-1,-1
108,15,121.07,574.86,54.34,154.25,0.4990,-1,-1,-1
108,20,389.55,559.91,34.45,105.18,0.4565,-1,-1,-1
108,21,1676.85,549.15,30.99,106.46,0.4694,-1,-1,-1
108,28,0.25,574.95,52.89,149.92,0.4789,-1,-1,-1
108,34,278.24,558.25,54.65,141.83,0.5478,-1,-1,-1
108,35,210.02,586.17,36.82,101.39,0.5889,-1,-1,-1
108,37,341.89,562.87,45.66,141.58,0.5371,-1,-1,-1
108,38,1532.72,524.37,25.18,74.72,0.3922,-1,-1,-1
109,2,1730.84,628.21,86.13,222.17,0.8076,-1,-1,-1
109,6,44.60,568.68,63.50,160.13,0.4893,-1,-1,-1
109,15,113.01,573.22,58.68,157.53,0.4129,-1,-1,-1
109,20,381.34,558.15,35.07,112.01,0.4563,-1,-1,-1
109,21,1675.41,549.68,30.49,106.46,0.5373,-1,-1,-1
109,28,-1.20,574.30,42.06,155.24,0.3691,-1,-1,-1
109,34,266.70,570.13,56.28,135.69,0.4146,-1,-1,-1
109,35,200.65,588.08,37.19,105.64,0.5079,-1,-1,-1
109,37,337.26,555.46,40.93,149.97,0.5920,-1,-1,-1
109,38,1527.22,522.36,26.71,74.51,0.3971,-1,-1,-1
110,2,1732.24,628.83,86.43,225.53,0.8127,-1,-1,-1
110,6,30.59,567.34,70.21,162.48,0.5921,-1,-1,-1
110,15,103.26,571.93,55.70,158.81,0.5837,-1,-1,-1
110,20,373.78,556.84,35.23,108.71,0.4486,-1,-1,-1
110,21,1674.64,551.09,28.77,107.21,0.3544,-1,-1,-1
110,28,-2.94,571.53,33.19,154.70,0.3812,-1,-1,-1
110,34,252.90,553.03,59.86,149.41,0.5140,-1,-1,-1
110,35,190.10,587.03,39.41,105.45,0.5302,-1,-1,-1
110,37,325.79,565.02,45.26,140.73,0.6133,-1,-1,-1
111,2,1733.11,629.47,88.04,227.65,0.8115,-1,-1,-1
111,6,19.90,562.26,72.50,168.22,0.6223,-1,-1,-1
111,15,93.27,566.89,59.66,166.40,0.5886,-1,-1,-1
111,20,366.01,559.32,36.44,109.03,0.4498,-1,-1,-1
111,34,247.57,560.76,57.66,144.49,0.4755,-1,-1,-1
111,35,180.57,590.21,37.40,107.34,0.4031,-1,-1,-1
111,37,318.13,575.17,41.89,132.30,0.5317,-1,-1,-1
112,2,1734.42,632.73,90.21,227.39,0.8080,-1,-1,-1
112,6,7.90,567.48,78.63,165.47,0.5341,-1,-1,-1
112,15,84.10,574.35,60.09,160.18,0.5701,-1,-1,-1
112,20,357.13,559.66,36.88,112.25,0.5559,-1,-1,-1
112,34,239.10,570.77,55.33,135.80,0.5937,-1,-1,-1
112,35,170.75,592.84,36.14,102.23,0.4825,-1,-1,-1
112,37,307.36,570.45,40.78,138.88,0.5582,-1,-1,-1
113,2,1735.05,634.81,90.64,229.75,0.8039,-1,-1,-1
113,6,1.96,558.38,71.34,175.00,0.5961,-1,-1,-1
113,15,75.44,578.58,56.18,159.28,0.5790,-1,-1,-1
113,20,349.33,562.87,36.39,111.68,0.4348,-1,-1,-1
113,34,231.81,578.57,53.12,131.96,0.6197,-1,-1,-1
113,35,161.56,596.01,37.65,103.01,0.5199,-1,-1,-1
113,37,298.64,572.50,38.44,139.77,0.6007,-1,-1,-1
114,2,1737.70,635.33,89.48,230.40,0.7984,-1,-1,-1
114,6,2.80,576.25,56.94,160.97,0.5476,-1,-1,-1
114,15,62.52,564.02,60.19,172.02,0.6499,-1,-1,-1
114,20,341.29,565.36,36.66,108.79,0.5104,-1,-1,-1
114,34,217.67,582.83,55.43,127.37,0.5789,-1,-1,-1
114,35,151.80,597.91,33.55,102.50,0.6192,-1,-1,-1
114,37,290.69,571.65,42.40,141.27,0.4919,-1,-1,-1
115,2,1739.23,636.24,91.29,231.19,0.7915,-1,-1,-1
115,6,0.28,574.73,50.98,161.04,0.4662,-1,-1,-1
115,15,52.33,565.33,60.10,174.04,0.6516,-1,-1,-1
115,20,333.29,563.94,38.13,112.39,0.6417,-1,-1,-1
115,34,198.95,567.34,63.75,141.64,0.5423,-1,-1,-1
115,35,141.41,596.30,37.30,105.84,0.6164,-1,-1,-1
115,37,279.15,581.65,37.38,134.15,0.5716,-1,-1,-1
116,2,1741.12,636.09,91.36,235.51,0.7989,-1,-1,-1
116,6,-2.79,584.75,50.22,156.00,0.6271,-1,-1,-1
116,15,44.13,573.99,57.35,168.51,0.6052,-1,-1,-1
116,20,323.25,567.62,39.58,110.56,0.6120,-1,-1,-1
116,34,198.22,576.57,56.34,141.04,0.5416,-1,-1,-1
116,35,130.35,599.04,34.74,103.20,0.5737,-1,-1,-1
116,37,271.34,579.36,37.29,137.59,0.4738,-1,-1,-1
117,2,1740.83,639.20,94.47,238.91,0.8085,-1,-1,-1
117,6,-2.30,584.49,40.94,156.98,0.6280,-1,-1,-1
117,15,32.14,575.11,59.87,169.65,0.5951,-1,-1,-1
117,20,313.97,566.63,41.00,113.10,0.5427,-1,-1,-1
117,34,186.62,568.32,57.95,147.18,0.4908,-1,-1,-1
117,35,118.47,599.75,37.95,100.66,0.5760,-1,-1,-1
117,37,258.51,559.91,39.43,157.85,0.6098,-1,-1,-1
118,2,1742.84,637.00,96.21,245.75,0.8036,-1,-1,-1
118,6,-2.41,590.25,30.66,154.25,0.4959,-1,-1,-1
118,15,21.74,578.72,60.56,168.86,0.5140,-1,-1,-1
118,20,309.73,559.01,37.02,120.89,0.6467,-1,-1,-1
118,34,180.93,585.01,52.55,136.86,0.5471,-1,-1,-1
118,35,110.03,600.81,37.58,105.64,0.5085,-1,-1,-1
118,37,249.02,573.82,38.38,150.74,0.6612,-1,-1,-1
119,2,1745.92,640.55,100.39,245.77,0.8215,-1,-1,-1
119,15,11.03,570.50,61.72,179.89,0.5951,-1,-1,-1
119,20,299.13,563.82,40.14,118.42,0.5508,-1,-1,-1
119,34,169.62,578.72,53.45,145.08,0.4578,-1,-1,-1
119,35,100.43,601.38,33.77,105.75,0.4756,-1,-1,-1
119,37,239.59,562.83,40.87,161.69,0.6096,-1,-1,-1
119,42,1742.45,566.76,47.63,98.03,0.3530,-1,-1,-1
120,2,1748.45,645.58,104.68,244.12,0.8126,-1,-1,-1
120,15,5.76,561.96,55.52,191.35,0.5784,-1,-1,-1
120,20,290.78,560.84,39.69,124.45,0.5785,-1,-1,-1
120,34,158.34,583.68,53.22,143.40,0.6007,-1,-1,-1
120,35,89.88,601.42,33.32,112.26,0.4243,-1,-1,-1
120,37,225.51,574.26,43.56,155.53,0.6484,-1,-1,-1
120,42,1743.17,557.37,42.51,109.45,0.4102,-1,-1,-1
121,2,1752.42,645.43,103.89,248.59,0.8092,-1,-1,-1
121,15,-1.03,551.72,54.47,200.31,0.5797,-1,-1,-1
121,20,287.05,564.17,36.28,118.45,0.6308,-1,-1,-1
121,34,145.36,587.50,57.59,139.11,0.5885,-1,-1,-1
121,35,77.78,602.15,36.85,112.77,0.5915,-1,-1,-1
121,37,217.36,570.36,43.42,161.17,0.5591,-1,-1,-1
121,42,1741.20,555.07,43.99,114.37,0.4363,-1,-1,-1
122,2,1756.24,646.67,99.71,252.35,0.8083,-1,-1,-1
122,15,-2.88,556.27,45.69,199.88,0.6185,-1,-1,-1
122,20,274.72,564.52,41.18,120.24,0.6008,-1,-1,-1
122,34,140.33,595.20,51.97,140.43,0.5101,-1,-1,-1
122,35,67.29,605.52,36.28,110.38,0.4069,-1,-1,-1
122,37,204.27,574.82,48.65,158.48,0.6580,-1,-1,-1
122,42,1739.41,554.19,43.01,117.12,0.3941,-1,-1,-1
123,2,1761.33,650.63,96.49,254.72,0.8086,-1,-1,-1
123,15,-4.96,574.04,39.65,182.43,0.5678,-1,-1,-1
123,20,265.62,557.56,42.68,131.73,0.6607,-1,-1,-1
123,34,127.87,600.30,57.74,138.88,0.4503,-1,-1,-1
123,35,54.27,609.02,38.10,115.52,0.3156,-1,-1,-1
123,37,193.49,583.93,50.50,152.39,0.5960,-1,-1,-1
123,42,1739.80,555.75,42.44,119.14,0.4080,-1,-1,-1
124,2,1765.16,648.27,97.74,260.63,0.8160,-1,-1,-1
124,15,-4.89,595.48,27.98,164.77,0.4856,-1,-1,-1
124,20,261.56,570.69,38.10,120.78,0.5866,-1,-1,-1
124,34,100.69,584.03,52.50,149.22,0.4444,-1,-1,-1
124,35,42.70,608.68,37.61,116.83,0.3101,-1,-1,-1
124,37,185.07,590.16,47.46,147.62,0.6279,-1,-1,-1
124,42,1739.24,555.22,43.36,116.17,0.4155,-1,-1,-1
125,2,1769.90,647.51,103.59,262.11,0.8160,-1,-1,-1
125,20,250.78,571.22,40.15,120.13,0.5345,-1,-1,-1
125,34,87.07,579.40,50.77,149.21,0.3180,-1,-1,-1
125,35,31.59,611.54,35.61,113.39,0.4599,-1,-1,-1
125,37,173.42,590.87,51.96,148.46,0.6423,-1,-1,-1
125,42,1736.46,554.83,42.84,118.12,0.3317,-1,-1,-1
125,46,566.40,525.80,29.18,68.75,0.4155,-1,-1,-1
126,2,1773.46,650.78,104.20,262.14,0.8114,-1,-1,-1
126,20,243.24,566.23,39.56,127.62,0.5828,-1,-1,-1
126,34,88.67,617.72,56.96,119.56,0.3173,-1,-1,-1
126,35,19.88,614.93,39.08,112.74,0.4120,-1,-1,-1
126,37,160.43,597.15,54.64,145.72,0.5843,-1,-1,-1
127,2,1778.01,650.75,104.95,266.40,0.8200,-1,-1,-1
127,20,236.42,570.24,38.62,126.01,0.5794,-1,-1,-1
127,34,82.16,624.41,58.24,116.77,0.4737,-1,-1,-1
127,35,5.50,622.40,39.30,105.14,0.3591,-1,-1,-1
127,37,153.80,601.80,50.50,144.43,0.5949,-1,-1,-1
127,42,1727.23,555.34,43.52,108.44,0.3420,-1,-1,-1
127,46,553.90,526.18,30.64,68.90,0.3477,-1,-1,-1
128,2,1780.82,653.85,107.01,266.97,0.8193,-1,-1,-1
128,20,224.49,560.07,40.96,135.61,0.6125,-1,-1,-1
128,34,71.41,622.86,59.11,119.21,0.4675,-1,-1,-1
128,35,-0.62,621.19,28.81,109.46,0.3408,-1,-1,-1
128,37,141.23,602.96,54.88,144.29,0.5498,-1,-1,-1
128,42,1727.40,557.70,41.32,107.09,0.4015,-1,-1,-1
128,46,546.48,528.12,32.80,68.66,0.4191,-1,-1,-1
129,2,1786.18,656.35,112.46,269.15,0.8236,-1,-1,-1
129,20,218.61,567.62,39.52,132.97,0.5914,-1,-1,-1
129,34,64.80,622.17,53.62,123.71,0.3575,-1,-1,-1
129,35,-4.58,623.42,20.44,109.34,0.3118,-1,-1,-1
129,37,131.05,598.83,50.32,152.56,0.5154,-1,-1,-1
129,42,1727.23,556.62,38.48,109.26,0.3780,-1,-1,-1
129,46,544.82,528.42,28.38,68.23,0.3434,-1,-1,-1
130,2,1787.37,657.94,116.64,271.96,0.8219,-1,-1,-1
130,20,209.62,565.24,41.20,135.64,0.5546,-1,-1,-1
130,34,49.39,621.67,56.84,127.85,0.3906,-1,-1,-1
130,37,115.87,603.69,61.01,151.59,0.3295,-1,-1,-1
130,42,1724.73,557.23,35.47,115.48,0.3986,-1,-1,-1
130,50,29.33,586.79,51.93,158.94,0.4398,-1,-1,-1
131,2,1791.30,659.13,118.81,277.85,0.8319,-1,-1,-1
131,20,200.01,574.83,41.70,127.58,0.4724,-1,-1,-1
131,37,106.05,597.65,46.58,157.99,0.4307,-1,-1,-1
131,42,1715.76,557.73,43.87,119.75,0.4683,-1,-1,-1
131,46,533.41,526.19,29.25,71.66,0.4063,-1,-1,-1
131,50,15.42,587.71,54.92,151.77,0.4849,-1,-1,-1
132,2,1796.72,661.30,120.41,285.73,0.8652,-1,-1,-1
132,20,191.72,568.44,41.25,134.53,0.6432,-1,-1,-1
132,37,94.81,598.49,45.61,161.52,0.4306,-1,-1,-1
132,42,1714.19,554.95,44.69,120.61,0.4538,-1,-1,-1
132,50,3.82,584.49,51.49,160.66,0.5510,-1,-1,-1
133,2,1803.53,663.00,115.03,290.65,0.8824,-1,-1,-1
133,20,181.48,565.04,44.93,136.73,0.5320,-1,-1,-1
133,34,14.67,628.03,58.81,134.69,0.3583,-1,-1,-1
133,37,79.49,592.97,49.74,169.77,0.5457,-1,-1,-1
133,42,1712.52,557.33,46.12,120.47,0.4478,-1,-1,-1
133,46,524.07,527.70,31.33,71.43,0.4531,-1,-1,-1
133,50,-1.16,588.79,42.97,163.18,0.3456,-1,-1,-1
134,2,1807.90,665.49,111.19,295.80,0.8508,-1,-1,-1
134,20,173.64,566.81,40.93,138.73,0.5591,-1,-1,-1
134,34,2.76,627.73,54.97,138.74,0.4838,-1,-1,-1
134,37,46.26,574.36,73.21,193.72,0.4959,-1,-1,-1
134,42,1710.50,555.81,46.95,120.35,0.4811,-1,-1,-1
134,46,521.68,529.42,25.59,72.06,0.4260,-1,-1,-1
135,2,1811.34,666.10,107.77,302.77,0.8147,-1,-1,-1
135,20,166.35,571.14,40.10,137.79,0.5435,-1,-1,-1
135,34,-1.47,616.39,46.45,150.23,0.5673,-1,-1,-1
135,37,29.91,571.60,77.41,201.32,0.5413,-1,-1,-1
135,42,1705.08,554.62,51.58,120.03,0.5032,-1,-1,-1
135,46,514.85,528.06,29.38,73.79,0.5474,-1,-1,-1
136,2,1818.04,671.00,100.96,305.17,0.8375,-1,-1,-1
136,20,157.26,567.05,41.11,140.86,0.3930,-1,-1,-1
136,34,-3.10,622.24,35.94,146.49,0.6005,-1,-1,-1
136,37,21.73,574.28,74.53,200.70,0.5249,-1,-1,-1
136,42,1700.29,556.49,51.29,114.86,0.4715,-1,-1,-1
136,46,508.65,527.03,28.09,73.81,0.5365,-1,-1,-1
137,2,1824.25,680.33,95.16,306.37,0.7742,-1,-1,-1
137,20,148.50,574.92,40.24,136.80,0.4034,-1,-1,-1
137,34,-4.94,639.11,27.16,135.12,0.4698,-1,-1,-1
137,37,18.18,573.69,66.41,204.22,0.6259,-1,-1,-1
137,42,1699.59,555.40,50.87,114.40,0.5034,-1,-1,-1
137,46,503.10,527.46,29.71,75.69,0.5479,-1,-1,-1
138,2,1830.81,679.00,88.59,310.59,0.7835,-1,-1,-1
138,20,140.05,572.45,41.01,139.77,0.4940,-1,-1,-1
138,37,11.35,572.66,60.66,204.88,0.6375,-1,-1,-1
138,42,1698.02,556.17,50.78,113.28,0.4897,-1,-1,-1
138,46,499.58,531.10,30.54,72.49,0.5814,-1,-1,-1
138,55,1570.21,556.68,45.24,107.07,0.5702,-1,-1,-1
139,2,1832.76,679.06,86.62,315.76,0.7701,-1,-1,-1
139,37,3.72,578.45,56.11,200.03,0.6160,-1,-1,-1
139,42,1697.60,556.92,48.97,110.24,0.5073,-1,-1,-1
139,46,495.79,527.80,26.48,72.53,0.4401,-1,-1,-1
139,55,1568.68,553.63,38.07,109.51,0.5947,-1,-1,-1
140,2,1840.30,682.56,79.15,309.73,0.7505,-1,-1,-1
140,20,122.27,561.18,41.95,154.21,0.3746,-1,-1,-1
140,37,-0.72,575.86,47.77,212.03,0.6252,-1,-1,-1
140,42,1698.63,552.15,46.65,115.86,0.5277,-1,-1,-1
140,46,489.88,526.87,28.97,73.61,0.4968,-1,-1,-1
140,55,1566.43,550.01,37.13,111.75,0.6625,-1,-1,-1
141,2,1847.42,678.16,71.99,310.47,0.6799,-1,-1,-1
141,37,-2.98,580.90,37.57,206.74,0.5907,-1,-1,-1
141,42,1699.86,551.62,44.02,116.41,0.4524,-1,-1,-1
141,46,484.97,527.98,27.32,73.90,0.5268,-1,-1,-1
141,55,1562.86,550.31,39.09,111.19,0.7275,-1,-1,-1
142,2,1854.18,698.34,65.40,294.44,0.6423,-1,-1,-1
142,42,1702.07,556.82,40.41,114.49,0.4370,-1,-1,-1
142,46,480.52,527.21,28.72,75.48,0.4995,-1,-1,-1
142,55,1559.71,552.51,41.23,107.16,0.6806,-1,-1,-1
142,56,399.85,530.97,26.37,64.36,0.3643,-1,-1,-1
143,2,1860.26,705.98,59.15,294.98,0.5927,-1,-1,-1
143,42,1698.92,562.63,41.21,109.11,0.3686,-1,-1,-1
143,46,476.37,527.24,32.14,73.47,0.5369,-1,-1,-1
143,55,1556.62,554.12,40.57,109.17,0.5899,-1,-1,-1
144,2,1865.84,713.82,54.28,255.05,0.4746,-1,-1,-1
144,42,1695.84,567.44,42.75,107.07,0.4585,-1,-1,-1
144,46,474.26,527.49,27.04,75.16,0.5946,-1,-1,-1
144,55,1554.29,556.55,37.27,109.25,0.7093,-1,-1,-1
145,42,1694.27,570.29,42.95,107.02,0.6018,-1,-1,-1
145,46,467.66,526.91,28.75,73.91,0.5255,-1,-1,-1
145,55,1548.63,557.40,37.42,107.61,0.6957,-1,-1,-1
146,42,1693.04,573.90,43.06,100.98,0.6214,-1,-1,-1
146,46,463.14,525.86,27.72,74.73,0.5848,-1,-1,-1
146,55,1544.76,555.56,39.16,110.98,0.6497,-1,-1,-1
146,59,379.59,529.58,26.26,64.24,0.4055,-1,-1,-1
147,42,1691.35,573.87,40.98,103.58,0.5343,-1,-1,-1
147,46,456.71,526.78,29.85,75.93,0.5244,-1,-1,-1
147,55,1540.31,557.23,39.68,109.37,0.6766,-1,-1,-1
147,59,372.25,531.29,28.24,65.30,0.3213,-1,-1,-1
148,42,1682.76,569.72,47.58,106.25,0.4709,-1,-1,-1
148,46,452.57,529.55,30.41,73.70,0.5903,-1,-1,-1
148,55,1530.05,554.42,47.28,113.71,0.6901,-1,-1,-1
148,59,362.36,528.95,28.91,66.94,0.3125,-1,-1,-1
149,42,1680.83,570.14,43.14,105.73,0.6105,-1,-1,-1
149,46,448.48,529.09,28.53,74.99,0.5575,-1,-1,-1
149,55,1517.36,554.30,56.97,113.89,0.6863,-1,-1,-1
149,59,358.53,529.43,30.73,68.05,0.3715,-1,-1,-1
150,42,1679.55,565.60,42.35,107.81,0.6682,-1,-1,-1
150,46,442.48,528.55,30.04,76.89,0.5841,-1,-1,-1
150,55,1510.88,559.98,60.94,107.79,0.7187,-1,-1,-1
150,59,356.61,530.65,27.47,68.13,0.4075,-1,-1,-1
151,42,1675.88,567.13,43.05,107.90,0.5866,-1,-1,-1
151,46,435.14,526.78,30.57,78.41,0.5415,-1,-1,-1
151,55,1511.14,560.14,56.97,108.68,0.7009,-1,-1,-1
151,59,349.56,533.47,28.57,68.17,0.3415,-1,-1,-1
152,42,1672.69,566.81,43.24,105.40,0.5131,-1,-1,-1
152,46,428.62,530.22,31.22,76.61,0.5592,-1,-1,-1
152,55,1509.16,557.64,53.95,111.02,0.6990,-1,-1,-1
153,42,1674.61,565.50,37.32,95.29,0.4089,-1,-1,-1
153,46,424.91,530.91,27.83,74.77,0.5252,-1,-1,-1
153,55,1502.66,557.01,57.33,110.01,0.6614,-1,-1,-1
153,59,336.61,536.36,30.02,66.03,0.3114,-1,-1,-1
154,46,416.88,532.51,30.48,77.13,0.5157,-1,-1,-1
154,55,1498.57,552.12,50.87,114.37,0.6688,-1,-1,-1
155,46,410.93,529.53,29.36,80.08,0.5748,-1,-1,-1
155,55,1492.06,552.23,48.71,113.04,0.6495,-1,-1,-1
156,46,402.96,533.41,31.26,78.59,0.5339,-1,-1,-1
156,55,1488.69,550.30,44.64,116.14,0.6682,-1,-1,-1
157,46,397.90,535.25,30.02,77.32,0.5838,-1,-1,-1
157,55,1480.98,551.64,44.68,113.05,0.6720,-1,-1,-1
157,59,307.60,538.43,26.56,68.87,0.3183,-1,-1,-1
157,62,1301.94,521.27,30.00,72.30,0.3436,-1,-1,-1
157,63,1440.19,533.53,22.89,88.61,0.5085,-1,-1,-1
158,46,393.42,536.05,28.39,78.87,0.5319,-1,-1,-1
158,55,1473.70,547.58,45.47,116.76,0.7304,-1,-1,-1
158,59,304.35,540.76,26.61,69.33,0.3131,-1,-1,-1
158,62,1296.91,520.81,31.03,73.95,0.3213,-1,-1,-1
158,63,1436.76,533.64,22.17,88.69,0.4271,-1,-1,-1
159,46,387.62,537.44,28.21,78.08,0.5667,-1,-1,-1
159,55,1470.30,546.32,43.60,118.54,0.7112,-1,-1,-1
160,46,379.65,538.53,31.24,79.71,0.5007,-1,-1,-1
160,55,1466.38,545.73,42.69,119.22,0.6753,-1,-1,-1
161,46,376.45,538.41,29.96,79.21,0.4978,-1,-1,-1
161,55,1461.35,547.36,43.77,117.31,0.6508,-1,-1,-1
162,46,371.08,539.95,31.92,78.00,0.5280,-1,-1,-1
162,55,1457.28,550.06,44.75,111.50,0.6770,-1,-1,-1
163,46,364.72,540.64,31.44,79.93,0.4652,-1,-1,-1
163,55,1450.78,550.27,47.62,113.18,0.6457,-1,-1,-1
164,46,360.62,540.43,32.57,80.08,0.5371,-1,-1,-1
164,55,1446.74,548.42,47.48,114.46,0.6249,-1,-1,-1
165,46,354.52,541.52,31.91,80.59,0.5057,-1,-1,-1
165,55,1438.16,547.73,51.88,116.09,0.6663,-1,-1,-1
166,46,350.90,543.61,28.90,79.07,0.5511,-1,-1,-1
166,55,1433.85,548.59,50.23,115.45,0.6798,-1,-1,-1
167,46,344.51,543.47,31.40,78.49,0.6244,-1,-1,-1
167,55,1432.83,543.77,45.02,117.78,0.6658,-1,-1,-1
168,46,338.28,543.32,33.96,79.52,0.5757,-1,-1,-1
168,55,1428.68,542.63,43.32,117.10,0.6641,-1,-1,-1
169,46,334.33,543.76,34.51,78.92,0.5617,-1,-1,-1
169,55,1425.30,544.39,41.74,117.42,0.6759,-1,-1,-1
170,46,330.59,543.04,31.05,78.86,0.5520,-1,-1,-1
170,55,1421.00,539.58,41.47,121.20,0.6740,-1,-1,-1
171,46,325.12,543.74,31.99,77.54,0.5632,-1,-1,-1
171,55,1414.55,539.15,44.94,124.17,0.5670,-1,-1,-1
172,46,320.48,541.26,31.26,78.16,0.5779,-1,-1,-1
172,55,1410.57,533.91,43.02,126.53,0.6204,-1,-1,-1
173,46,314.63,541.09,33.35,81.74,0.5737,-1,-1,-1
173,55,1405.49,531.75,44.13,129.08,0.5631,-1,-1,-1
174,46,310.85,543.37,34.91,78.89,0.6001,-1,-1,-1
174,55,1402.40,531.36,46.16,131.58,0.6384,-1,-1,-1
175,46,306.44,541.38,35.15,79.70,0.4848,-1,-1,-1
175,55,1391.49,532.87,55.79,131.21,0.6645,-1,-1,-1
176,46,301.50,541.66,33.77,80.87,0.5860,-1,-1,-1
176,55,1386.99,536.30,56.76,128.23,0.6767,-1,-1,-1
177,46,296.95,542.14,35.22,77.61,0.6517,-1,-1,-1
177,55,1385.02,534.56,56.24,130.21,0.7054,-1,-1,-1
178,46,293.44,541.85,33.68,81.66,0.6082,-1,-1,-1
178,55,1387.13,535.07,52.02,130.28,0.6719,-1,-1,-1
179,46,289.38,540.22,34.86,83.73,0.6119,-1,-1,-1
179,55,1387.47,536.71,48.76,128.62,0.6810,-1,-1,-1
180,46,284.10,543.93,36.45,81.54,0.5634,-1,-1,-1
180,55,1384.77,535.12,48.09,130.38,0.7040,-1,-1,-1
180,66,1608.04,543.40,38.49,128.50,0.4055,-1,-1,-1
181,46,281.08,542.80,35.35,83.51,0.5570,-1,-1,-1
181,55,1384.52,536.85,41.74,126.71,0.7124,-1,-1,-1
181,66,1598.80,544.90,51.90,128.11,0.3670,-1,-1,-1
182,46,274.77,543.58,35.11,83.41,0.5938,-1,-1,-1
182,55,1379.75,537.71,43.31,127.48,0.7275,-1,-1,-1
182,66,1604.76,546.00,45.19,127.36,0.4360,-1,-1,-1
183,46,272.60,544.24,33.19,85.16,0.6421,-1,-1,-1
183,55,1375.49,536.64,44.17,128.67,0.7399,-1,-1,-1
183,66,1608.72,550.15,41.84,124.14,0.4207,-1,-1,-1
184,46,266.84,546.80,34.66,84.05,0.6225,-1,-1,-1
184,55,1373.40,535.98,42.85,129.72,0.7634,-1,-1,-1
184,66,1609.71,544.43,40.67,129.16,0.4364,-1,-1,-1
185,46,262.45,547.78,35.18,83.12,0.5510,-1,-1,-1
185,55,1370.80,534.08,44.34,132.02,0.7475,-1,-1,-1
185,66,1608.29,542.96,41.51,131.86,0.4627,-1,-1,-1
186,46,259.40,546.99,35.46,84.84,0.5228,-1,-1,-1
186,55,1369.85,534.28,42.14,132.60,0.7192,-1,-1,-1
186,66,1606.28,545.14,44.53,128.40,0.3661,-1,-1,-1
187,46,254.88,548.40,34.61,85.90,0.5690,-1,-1,-1
187,55,1367.19,533.73,42.65,133.21,0.7051,-1,-1,-1
187,66,1596.21,542.70,53.72,132.05,0.3333,-1,-1,-1
188,46,249.94,549.91,34.90,86.34,0.5666,-1,-1,-1
188,55,1364.74,534.38,44.30,134.46,0.6752,-1,-1,-1
188,66,1594.14,547.55,58.23,130.33,0.4374,-1,-1,-1
189,46,246.92,550.02,34.36,89.90,0.5181,-1,-1,-1
189,55,1358.11,532.19,50.22,138.19,0.6417,-1,-1,-1
189,66,1595.46,544.85,58.36,132.96,0.4622,-1,-1,-1
190,46,241.62,549.35,37.05,90.72,0.5532,-1,-1,-1
190,55,1356.17,534.33,51.21,135.18,0.6758,-1,-1,-1
190,66,1594.91,540.23,60.30,136.47,0.5133,-1,-1,-1
191,46,238.17,553.87,36.73,87.52,0.5020,-1,-1,-1
191,55,1353.78,535.00,52.30,134.64,0.6663,-1,-1,-1
191,66,1596.40,539.22,62.68,137.25,0.5088,-1,-1,-1
192,46,234.10,552.70,38.51,87.70,0.5345,-1,-1,-1
192,55,1351.88,542.24,51.36,127.20,0.6262,-1,-1,-1
192,66,1606.28,540.41,50.71,134.24,0.4879,-1,-1,-1
193,46,228.11,556.40,38.52,85.99,0.6065,-1,-1,-1
193,55,1350.07,540.83,51.53,129.96,0.6603,-1,-1,-1
193,66,1603.56,538.96,56.11,135.82,0.5483,-1,-1,-1
194,46,226.37,559.81,34.75,85.00,0.5888,-1,-1,-1
194,55,1348.46,542.02,48.95,128.12,0.6725,-1,-1,-1
194,66,1607.25,550.47,55.46,125.61,0.5190,-1,-1,-1
195,46,222.35,559.76,34.24,84.23,0.5122,-1,-1,-1
195,55,1346.27,541.15,48.66,130.11,0.6875,-1,-1,-1
195,66,1603.44,547.87,60.00,127.59,0.5450,-1,-1,-1
196,46,219.02,561.16,35.07,86.69,0.4654,-1,-1,-1
196,55,1346.49,542.13,46.10,131.34,0.6782,-1,-1,-1
196,66,1608.32,548.25,56.68,127.18,0.5421,-1,-1,-1
197,46,213.72,561.71,36.04,86.46,0.4672,-1,-1,-1
197,55,1346.09,540.96,44.60,132.19,0.6293,-1,-1,-1
197,66,1612.43,549.23,52.12,125.33,0.4579,-1,-1,-1
198,46,211.98,562.35,33.88,85.63,0.5394,-1,-1,-1
198,55,1345.60,542.66,43.09,127.86,0.4941,-1,-1,-1
198,66,1619.49,552.05,46.57,122.27,0.5008,-1,-1,-1
199,46,206.79,562.46,35.14,86.85,0.5186,-1,-1,-1
199,55,1344.29,543.52,43.85,126.07,0.6218,-1,-1,-1
199,66,1621.83,553.93,44.38,120.65,0.5727,-1,-1,-1
200,46,202.45,563.71,37.89,88.88,0.4726,-1,-1,-1
200,55,1342.59,545.52,45.23,126.57,0.6267,-1,-1,-1
200,66,1620.68,555.79,45.83,119.78,0.5277,-1,-1,-1
201,46,200.67,563.65,34.18,89.35,0.4735,-1,-1,-1
201,55,1341.59,548.92,45.07,123.25,0.6503,-1,-1,-1
201,66,1618.53,553.29,51.43,122.67,0.6185,-1,-1,-1
202,46,193.74,563.02,37.68,92.36,0.6059,-1,-1,-1
202,55,1339.34,548.45,45.88,124.76,0.6763,-1,-1,-1
202,66,1621.13,553.17,51.40,123.76,0.6072,-1,-1,-1
203,46,189.18,563.76,41.24,92.36,0.5574,-1,-1,-1
203,55,1336.89,552.09,48.41,119.68,0.7051,-1,-1,-1
203,66,1625.04,553.70,49.02,124.78,0.5664,-1,-1,-1
204,46,187.65,565.74,39.35,91.51,0.5613,-1,-1,-1
204,55,1336.50,550.83,47.94,121.68,0.7168,-1,-1,-1
204,66,1632.08,552.33,46.37,123.19,0.6135,-1,-1,-1
204,70,122.82,489.24,50.77,124.16,0.3934,-1,-1,-1
205,46,182.29,566.91,37.66,90.78,0.5739,-1,-1,-1
205,55,1335.66,546.06,47.38,126.37,0.7263,-1,-1,-1
205,66,1631.39,555.03,47.41,120.05,0.6115,-1,-1,-1
206,46,177.62,567.78,39.98,90.38,0.5752,-1,-1,-1
206,55,1335.75,547.52,47.08,125.67,0.7371,-1,-1,-1
206,66,1626.05,555.18,54.86,122.78,0.5101,-1,-1,-1
206,70,112.27,488.87,59.36,160.16,0.3010,-1,-1,-1
207,46,172.89,570.63,39.08,92.41,0.5725,-1,-1,-1
207,55,1334.32,549.12,46.92,126.96,0.7599,-1,-1,-1
207,66,1626.41,557.22,57.13,122.80,0.4882,-1,-1,-1
208,46,168.69,570.35,38.75,92.38,0.5600,-1,-1,-1
208,55,1332.76,546.79,49.43,129.88,0.7474,-1,-1,-1
208,66,1647.90,556.59,39.72,122.11,0.4171,-1,-1,-1
209,46,165.61,568.98,39.09,93.08,0.5244,-1,-1,-1
209,55,1331.33,543.98,49.60,133.53,0.7468,-1,-1,-1
209,66,1647.30,558.65,42.53,123.48,0.6142,-1,-1,-1
210,46,163.10,570.69,37.12,93.35,0.4564,-1,-1,-1
210,55,1330.51,541.96,48.73,135.15,0.7449,-1,-1,-1
210,66,1647.15,560.10,46.39,123.70,0.5731,-1,-1,-1
211,46,158.64,570.52,42.29,95.27,0.5727,-1,-1,-1
211,55,1330.14,545.40,47.17,133.15,0.7634,-1,-1,-1
211,66,1654.79,567.43,43.15,118.67,0.5296,-1,-1,-1
212,46,156.05,570.37,40.57,95.39,0.6044,-1,-1,-1
212,55,1328.20,547.00,49.26,131.42,0.7383,-1,-1,-1
212,66,1658.49,558.10,46.85,128.16,0.5281,-1,-1,-1
213,46,153.72,571.82,40.62,95.03,0.5522,-1,-1,-1
213,55,1329.17,548.95,49.22,131.16,0.7345,-1,-1,-1
213,66,1646.91,561.16,63.48,129.36,0.4816,-1,-1,-1
214,46,151.08,574.20,40.93,94.15,0.5941,-1,-1,-1
214,55,1330.76,547.18,49.11,133.94,0.6757,-1,-1,-1
214,66,1653.55,559.61,61.11,128.33,0.5132,-1,-1,-1
214,74,15.24,576.81,24.99,87.59,0.3227,-1,-1,-1
215,46,149.62,571.46,39.61,95.00,0.5917,-1,-1,-1
215,55,1330.45,548.26,49.69,135.25,0.6778,-1,-1,-1
215,66,1672.59,558.91,46.21,129.87,0.5428,-1,-1,-1
216,46,147.58,574.01,36.36,92.54,0.4253,-1,-1,-1
216,55,1332.84,551.30,48.07,134.84,0.6689,-1,-1,-1
216,66,1677.28,563.96,44.89,125.02,0.6051,-1,-1,-1
217,46,143.15,573.05,36.09,95.17,0.4762,-1,-1,-1
217,55,1333.19,550.72,48.68,135.54,0.7014,-1,-1,-1
217,66,1681.63,561.19,45.05,124.22,0.4835,-1,-1,-1
217,74,2.66,576.36,21.12,86.18,0.3518,-1,-1,-1
218,46,140.02,573.37,37.96,94.21,0.4896,-1,-1,-1
218,55,1335.97,549.07,47.11,135.34,0.7457,-1,-1,-1
218,66,1673.46,562.21,66.31,127.76,0.4890,-1,-1,-1
218,74,-0.05,578.23,19.96,84.01,0.4196,-1,-1,-1
219,46,140.34,572.73,38.79,94.96,0.4862,-1,-1,-1
219,55,1337.52,550.32,46.97,136.40,0.7612,-1,-1,-1
219,66,1694.92,561.15,47.57,126.00,0.5400,-1,-1,-1
219,74,-0.78,579.36,17.94,84.43,0.3336,-1,-1,-1
219,76,23.75,581.38,34.88,84.63,0.4327,-1,-1,-1
220,46,138.39,575.84,38.35,95.17,0.4596,-1,-1,-1
220,55,1339.50,548.68,48.40,139.07,0.7627,-1,-1,-1
220,66,1696.75,564.21,50.51,124.36,0.5392,-1,-1,-1
220,76,16.49,579.49,39.07,91.67,0.5612,-1,-1,-1
221,46,133.45,573.96,39.72,97.03,0.4649,-1,-1,-1
221,55,1342.89,547.63,47.49,142.03,0.7531,-1,-1,-1
221,66,1705.74,566.68,44.50,122.59,0.5218,-1,-1,-1
221,76,12.20,580.14,40.85,87.63,0.5348,-1,-1,-1
222,46,130.37,573.55,40.12,98.91,0.4811,-1,-1,-1
222,55,1346.63,545.32,44.55,139.34,0.7572,-1,-1,-1
222,66,1697.63,559.65,66.35,128.13,0.5033,-1,-1,-1
222,76,11.56,580.03,39.18,89.23,0.5541,-1,-1,-1
223,46,129.24,574.05,39.30,98.12,0.5022,-1,-1,-1
223,55,1347.12,546.79,47.11,139.61,0.7557,-1,-1,-1
223,66,1720.03,563.38,46.37,125.94,0.5336,-1,-1,-1
223,76,10.50,579.41,37.20,89.54,0.4608,-1,-1,-1
224,46,128.96,577.92,41.15,96.66,0.4719,-1,-1,-1
224,55,1348.88,543.67,47.55,141.48,0.7570,-1,-1,-1
224,66,1722.15,560.82,48.92,125.98,0.4782,-1,-1,-1
225,46,127.70,577.73,40.28,97.12,0.4994,-1,-1,-1
225,55,1350.87,545.78,48.60,138.01,0.7485,-1,-1,-1
225,66,1729.49,554.07,55.63,130.08,0.5429,-1,-1,-1
226,46,126.05,586.30,42.99,93.59,0.4238,-1,-1,-1
226,55,1352.53,547.43,47.95,136.81,0.7008,-1,-1,-1
226,66,1730.53,557.61,60.69,126.14,0.5111,-1,-1,-1
226,76,1.84,598.71,34.41,81.62,0.3552,-1,-1,-1
226,77,969.81,524.66,32.05,72.72,0.3451,-1,-1,-1
227,46,121.57,585.00,40.02,95.60,0.3098,-1,-1,-1
227,55,1354.37,547.25,49.30,139.84,0.7483,-1,-1,-1
227,66,1746.35,558.86,48.75,126.13,0.5236,-1,-1,-1
227,76,0.66,595.10,31.73,83.86,0.3347,-1,-1,-1
228,46,118.60,586.50,37.52,96.13,0.3373,-1,-1,-1
228,55,1356.66,549.14,48.12,142.36,0.7463,-1,-1,-1
228,66,1751.71,553.44,54.03,129.34,0.5434,-1,-1,-1
228,76,-0.58,590.11,31.03,90.15,0.3095,-1,-1,-1
229,46,117.18,586.18,36.40,96.49,0.4067,-1,-1,-1
229,55,1358.41,547.89,48.36,140.96,0.7454,-1,-1,-1
229,66,1751.64,558.39,61.27,127.93,0.5028,-1,-1,-1
230,46,117.26,586.81,33.71,97.32,0.3009,-1,-1,-1
230,55,1362.50,549.81,48.34,140.28,0.7491,-1,-1,-1
230,66,1766.17,555.39,53.05,127.15,0.5397,-1,-1,-1
231,46,116.09,588.13,35.82,97.29,0.3338,-1,-1,-1
231,55,1363.19,552.55,49.99,137.69,0.7345,-1,-1,-1
231,66,1775.79,553.34,56.08,131.09,0.5590,-1,-1,-1
232,55,1366.76,552.99,48.02,138.35,0.7349,-1,-1,-1
232,66,1776.46,553.86,64.75,131.63,0.5180,-1,-1,-1
233,55,1368.24,551.10,48.87,141.78,0.7661,-1,-1,-1
233,66,1791.82,558.08,57.20,128.09,0.5370,-1,-1,-1
234,46,108.61,590.25,40.09,97.00,0.3436,-1,-1,-1
234,55,1370.61,553.43,48.49,137.80,0.7041,-1,-1,-1
234,66,1791.57,560.42,66.35,128.74,0.4532,-1,-1,-1
234,80,33.59,494.97,51.07,143.23,0.3347,-1,-1,-1
235,55,1374.95,554.07,48.83,136.20,0.6636,-1,-1,-1
235,66,1810.27,559.38,56.01,128.88,0.4599,-1,-1,-1
236,55,1377.68,552.40,52.43,136.69,0.7028,-1,-1,-1
236,66,1825.65,550.99,55.42,125.16,0.5267,-1,-1,-1
236,80,29.07,488.00,51.24,149.32,0.3498,-1,-1,-1
237,46,105.36,582.08,39.04,103.75,0.3074,-1,-1,-1
237,55,1379.84,551.38,54.93,137.40,0.6999,-1,-1,-1
237,66,1835.53,547.76,57.54,126.40,0.5034,-1,-1,-1
238,46,105.07,582.32,41.92,104.43,0.3777,-1,-1,-1
238,55,1384.43,553.23,49.97,136.58,0.7134,-1,-1,-1
238,66,1846.11,546.61,57.17,137.15,0.5070,-1,-1,-1
239,46,104.72,578.25,45.31,105.43,0.3826,-1,-1,-1
239,55,1386.17,553.53,51.00,137.37,0.6842,-1,-1,-1
239,66,1847.58,545.01,65.10,141.35,0.4651,-1,-1,-1
240,46,104.11,577.77,44.87,105.88,0.3988,-1,-1,-1
240,55,1390.74,549.25,49.65,143.07,0.7217,-1,-1,-1
240,66,1864.78,542.19,55.09,133.27,0.4512,-1,-1,-1
241,46,103.79,576.10,42.55,107.87,0.4285,-1,-1,-1
241,55,1396.42,547.17,48.03,146.02,0.7552,-1,-1,-1
241,66,1870.14,547.63,49.17,136.77,0.4767,-1,-1,-1
242,46,104.34,578.50,43.71,106.53,0.4135,-1,-1,-1
242,55,1401.07,548.10,48.72,146.25,0.6746,-1,-1,-1
243,46,104.48,576.32,46.22,108.49,0.4093,-1,-1,-1
243,55,1405.15,551.18,47.80,142.14,0.6901,-1,-1,-1
244,46,104.29,576.51,43.52,108.10,0.3628,-1,-1,-1
244,55,1410.44,555.51,48.22,138.16,0.7140,-1,-1,-1
245,46,105.49,577.72,43.20,109.26,0.3807,-1,-1,-1
245,55,1417.34,556.07,45.99,138.82,0.7655,-1,-1,-1
246,46,105.51,577.19,40.78,109.89,0.3632,-1,-1,-1
246,55,1422.90,554.07,46.69,141.56,0.7619,-1,-1,-1
247,46,104.73,580.22,41.55,109.82,0.4197,-1,-1,-1
247,55,1427.48,555.96,47.07,141.24,0.7415,-1,-1,-1
247,83,1318.23,581.59,45.82,135.02,0.4750,-1,-1,-1
248,46,105.26,581.91,40.19,108.62,0.3854,-1,-1,-1
248,55,1434.34,556.47,47.35,141.83,0.7561,-1,-1,-1
248,80,25.48,486.34,46.94,154.35,0.3225,-1,-1,-1
248,83,1328.26,583.03,47.85,132.05,0.3796,-1,-1,-1
249,46,105.39,584.65,43.21,109.12,0.4063,-1,-1,-1
249,55,1440.39,553.67,46.44,146.33,0.7948,-1,-1,-1
249,83,1334.20,581.64,48.91,132.72,0.3824,-1,-1,-1
250,46,105.86,586.08,44.01,108.12,0.4542,-1,-1,-1
250,55,1446.94,547.23,47.95,150.38,0.7218,-1,-1,-1
250,83,1339.56,580.88,47.49,131.08,0.3014,-1,-1,-1
251,46,107.21,587.24,42.10,108.29,0.3931,-1,-1,-1
251,55,1455.70,543.37,42.71,158.49,0.7527,-1,-1,-1
252,46,111.15,588.22,36.48,104.53,0.3095,-1,-1,-1
252,55,1460.87,548.95,45.48,150.24,0.7404,-1,-1,-1
253,46,116.46,591.44,38.88,105.23,0.4483,-1,-1,-1
253,55,1468.63,539.80,45.07,157.96,0.7455,-1,-1,-1
254,46,119.20,591.31,38.70,105.92,0.4651,-1,-1,-1
254,55,1472.73,538.71,46.82,158.53,0.7033,-1,-1,-1
255,46,119.59,593.82,41.27,108.13,0.3868,-1,-1,-1
255,55,1481.11,534.89,44.54,156.08,0.7114,-1,-1,-1
255,80,28.93,510.07,51.57,142.38,0.3140,-1,-1,-1
256,46,123.84,593.37,40.92,111.49,0.4109,-1,-1,-1
256,55,1489.01,539.54,47.04,155.53,0.7257,-1,-1,-1
257,46,128.21,595.30,47.43,109.92,0.3283,-1,-1,-1
257,55,1498.07,538.40,44.56,152.68,0.7083,-1,-1,-1
258,46,131.80,596.36,44.99,109.61,0.3460,-1,-1,-1
258,55,1506.02,546.70,46.31,149.79,0.6423,-1,-1,-1
258,80,35.95,504.89,53.08,153.98,0.3020,-1,-1,-1
258,85,6.13,609.67,23.16,95.65,0.4494,-1,-1,-1
259,46,132.23,594.59,42.71,111.25,0.3772,-1,-1,-1
259,55,1511.89,552.34,51.49,143.93,0.5939,-1,-1,-1
259,80,38.49,507.54,53.16,148.44,0.4241,-1,-1,-1
259,85,6.95,610.31,26.36,94.96,0.4729,-1,-1,-1
260,46,132.33,599.82,42.21,109.09,0.3197,-1,-1,-1
260,55,1509.50,551.34,66.33,147.37,0.6694,-1,-1,-1
260,85,7.05,611.95,29.92,94.28,0.4129,-1,-1,-1
261,46,135.89,601.55,42.14,107.61,0.3941,-1,-1,-1
261,55,1520.17,554.58,66.02,144.95,0.5765,-1,-1,-1
261,85,5.51,611.94,31.26,96.55,0.5006,-1,-1,-1
262,46,141.00,600.89,35.68,107.91,0.4578,-1,-1,-1
262,55,1518.68,564.49,79.56,134.05,0.4398,-1,-1,-1
262,85,5.73,610.41,28.84,97.24,0.4984,-1,-1,-1
262,86,978.76,510.30,26.35,85.45,0.3380,-1,-1,-1
263,46,142.00,602.11,39.77,106.61,0.3133,-1,-1,-1
263,85,4.42,612.51,33.05,94.95,0.4663,-1,-1,-1
263,86,981.26,517.73,29.39,80.79,0.3426,-1,-1,-1
264,80,52.35,515.06,47.97,142.56,0.3370,-1,-1,-1
264,85,3.91,611.97,33.26,96.55,0.5156,-1,-1,-1
264,86,984.47,520.00,27.14,77.59,0.3074,-1,-1,-1
265,46,147.58,599.70,45.55,109.68,0.3717,-1,-1,-1
265,85,4.32,614.82,33.74,93.01,0.4631,-1,-1,-1
265,86,989.83,513.21,29.70,83.99,0.4172,-1,-1,-1
266,55,1575.84,575.22,63.12,135.96,0.4049,-1,-1,-1
266,85,3.39,613.50,38.58,94.01,0.4623,-1,-1,-1
266,86,996.51,512.72,29.14,84.87,0.4399,-1,-1,-1
267,46,151.50,599.49,44.20,112.01,0.4010,-1,-1,-1
267,85,2.86,613.14,42.23,94.84,0.4943,-1,-1,-1
267,86,1003.02,517.68,26.88,80.35,0.3558,-1,-1,-1
268,85,5.42,612.17,41.79,99.17,0.4669,-1,-1,-1
268,86,1007.89,517.16,28.76,82.05,0.3297,-1,-1,-1
268,89,1049.04,511.19,37.47,99.17,0.4425,-1,-1,-1
269,46,154.41,598.65,43.74,113.38,0.3899,-1,-1,-1
269,85,6.39,610.21,44.77,100.20,0.4942,-1,-1,-1
269,86,1023.95,512.01,24.82,89.62,0.3662,-1,-1,-1
269,89,1057.88,506.51,41.70,99.83,0.4786,-1,-1,-1
270,46,157.48,594.51,42.62,114.09,0.3389,-1,-1,-1
270,85,8.62,608.87,46.47,98.85,0.4642,-1,-1,-1
270,86,1022.58,509.02,27.53,88.25,0.3831,-1,-1,-1
270,89,1064.34,504.60,37.90,96.11,0.4245,-1,-1,-1
271,46,162.34,595.05,42.07,111.91,0.4304,-1,-1,-1
271,85,13.61,609.82,42.02,96.31,0.5401,-1,-1,-1
271,86,1025.16,510.71,28.31,86.63,0.3106,-1,-1,-1
271,89,1068.74,506.36,37.22,96.71,0.4254,-1,-1,-1
271,91,1585.18,592.27,53.95,187.61,0.4663,-1,-1,-1
272,85,14.36,604.56,43.01,99.99,0.5138,-1,-1,-1
272,86,1031.83,515.60,27.43,80.10,0.3015,-1,-1,-1
272,89,1074.26,509.55,36.08,97.47,0.3737,-1,-1,-1
273,46,168.25,591.25,47.57,115.55,0.3818,-1,-1,-1
273,85,15.82,606.25,44.62,100.45,0.5929,-1,-1,-1
273,89,1079.11,507.78,43.89,99.63,0.3637,-1,-1,-1
274,85,17.31,600.40,43.11,102.72,0.4455,-1,-1,-1
274,86,1055.79,506.60,22.28,89.85,0.3397,-1,-1,-1
274,89,1088.95,506.25,40.50,94.91,0.4813,-1,-1,-1
274,91,1625.18,591.24,69.57,212.41,0.3254,-1,-1,-1
274,92,1063.75,506.18,23.12,91.20,0.3772,-1,-1,-1
275,85,17.18,597.26,47.51,107.37,0.6144,-1,-1,-1
275,86,1048.98,510.79,29.74,87.21,0.3625,-1,-1,-1
275,89,1094.53,507.55,35.17,96.13,0.3927,-1,-1,-1
275,91,1638.99,581.48,84.74,224.46,0.4295,-1,-1,-1
276,46,175.13,590.13,45.39,116.92,0.4254,-1,-1,-1
276,85,18.97,600.63,47.57,104.56,0.6279,-1,-1,-1
276,89,1100.21,506.57,34.45,96.79,0.3072,-1,-1,-1
276,91,1655.99,581.10,75.72,234.72,0.6511,-1,-1,-1
277,46,177.68,590.39,44.14,117.39,0.3450,-1,-1,-1
277,85,21.48,598.77,47.03,107.06,0.6056,-1,-1,-1
277,86,1056.94,503.94,34.19,92.63,0.3837,-1,-1,-1
277,89,1101.66,503.09,38.92,99.21,0.3152,-1,-1,-1
277,91,1669.21,591.86,79.87,228.71,0.5055,-1,-1,-1
278,46,176.55,591.03,46.79,118.65,0.3741,-1,-1,-1
278,85,22.44,598.06,47.46,109.17,0.5956,-1,-1,-1
278,86,1061.82,505.87,31.10,91.68,0.3818,-1,-1,-1
278,89,1109.91,506.45,42.47,96.48,0.3398,-1,-1,-1
278,91,1682.07,597.08,84.25,228.33,0.4514,-1,-1,-1
278,93,1175.07,515.68,29.56,96.59,0.3973,-1,-1,-1
279,46,179.08,591.61,46.60,118.60,0.4374,-1,-1,-1
279,85,25.12,598.55,48.19,109.71,0.6058,-1,-1,-1
279,86,1070.83,510.10,31.45,89.91,0.4359,-1,-1,-1
279,89,1116.59,520.37,35.26,83.31,0.3125,-1,-1,-1
279,91,1694.64,595.01,88.25,234.93,0.5978,-1,-1,-1
280,46,181.48,600.01,44.85,112.62,0.4650,-1,-1,-1
280,85,26.56,600.19,48.30,111.63,0.6286,-1,-1,-1
280,91,1704.58,553.92,75.95,186.82,0.4081,-1,-1,-1
280,95,1152.00,525.32,22.51,77.58,0.3167,-1,-1,-1
281,46,185.43,599.56,44.76,114.87,0.4178,-1,-1,-1
281,85,26.49,602.02,50.71,112.57,0.6286,-1,-1,-1
281,89,1124.35,505.84,39.20,96.89,0.3443,-1,-1,-1
281,91,1723.49,610.82,104.68,228.85,0.5484,-1,-1,-1
281,93,1195.58,517.89,32.42,93.47,0.3336,-1,-1,-1
282,46,187.15,598.21,48.17,117.02,0.4728,-1,-1,-1
282,85,29.04,605.04,48.94,110.40,0.6182,-1,-1,-1
282,91,1732.24,610.91,119.50,236.31,0.6271,-1,-1,-1
282,93,1198.10,517.59,32.56,93.77,0.3289,-1,-1,-1
282,97,1235.17,547.40,41.66,115.57,0.3403,-1,-1,-1
282,98,1742.12,552.82,44.22,93.83,0.3115,-1,-1,-1
283,46,188.74,599.71,52.05,118.03,0.4684,-1,-1,-1
283,55,1748.85,549.87,53.01,178.43,0.4922,-1,-1,-1
283,85,31.53,610.22,47.93,107.96,0.6025,-1,-1,-1
283,91,1784.01,607.96,90.96,242.35,0.6215,-1,-1,-1
284,46,192.34,601.42,48.18,117.94,0.3813,-1,-1,-1
284,55,1753.10,550.12,58.00,183.54,0.6228,-1,-1,-1
284,85,33.46,610.26,47.70,109.65,0.6394,-1,-1,-1
284,91,1800.39,608.91,100.20,245.50,0.7479,-1,-1,-1
284,99,1293.63,534.27,42.89,122.12,0.3889,-1,-1,-1
285,46,194.70,601.07,51.25,119.91,0.4395,-1,-1,-1
285,55,1766.52,550.21,60.50,183.15,0.6448,-1,-1,-1
285,85,35.82,612.01,46.58,110.11,0.6388,-1,-1,-1
285,91,1826.31,612.47,91.09,246.37,0.8108,-1,-1,-1
285,99,1299.40,537.00,49.50,117.87,0.4237,-1,-1,-1
286,46,196.96,601.28,51.93,121.57,0.4208,-1,-1,-1
286,55,1778.84,546.43,62.15,189.62,0.7142,-1,-1,-1
286,85,36.20,612.86,47.80,111.84,0.6464,-1,-1,-1
286,91,1844.25,610.31,75.18,252.40,0.7455,-1,-1,-1
286,99,1312.75,535.67,42.22,117.95,0.3429,-1,-1,-1
287,46,199.41,606.51,51.52,120.23,0.4334,-1,-1,-1
287,55,1796.73,548.47,61.31,191.32,0.7020,-1,-1,-1
287,85,37.42,613.48,49.55,112.49,0.6323,-1,-1,-1
287,91,1865.38,615.54,53.96,251.53,0.7013,-1,-1,-1
288,46,200.81,605.15,45.38,122.29,0.4925,-1,-1,-1
288,55,1804.82,547.86,69.87,194.68,0.6716,-1,-1,-1
288,85,38.63,614.63,51.43,112.04,0.6126,-1,-1,-1
288,91,1887.67,650.28,32.08,219.01,0.5868,-1,-1,-1
289,46,201.99,607.07,40.84,120.40,0.3893,-1,-1,-1
289,55,1820.55,543.87,65.46,197.90,0.7279,-1,-1,-1
289,85,40.03,614.62,50.94,113.90,0.5697,-1,-1,-1
290,46,203.83,605.44,46.94,122.97,0.4323,-1,-1,-1
290,55,1833.71,543.84,73.09,199.06,0.7608,-1,-1,-1
290,85,41.94,612.25,52.45,116.35,0.6098,-1,-1,-1
291,55,1849.53,537.63,60.12,204.41,0.7573,-1,-1,-1
291,85,44.43,613.59,54.61,118.66,0.6152,-1,-1,-1
292,46,210.79,608.48,55.46,123.90,0.3703,-1,-1,-1
292,55,1861.19,541.39,58.18,205.05,0.7129,-1,-1,-1
292,85,45.34,612.25,53.83,121.91,0.6634,-1,-1,-1
292,102,1362.03,536.48,34.68,119.26,0.3813,-1,-1,-1
292,103,1208.60,519.22,48.11,80.45,0.3507,-1,-1,-1
293,46,216.88,611.81,49.73,123.61,0.4317,-1,-1,-1
293,55,1877.44,540.50,42.07,207.90,0.6244,-1,-1,-1
293,85,47.86,615.45,53.23,122.86,0.6508,-1,-1,-1
294,46,216.86,611.48,49.34,124.04,0.4650,-1,-1,-1
294,85,47.92,619.53,54.05,120.18,0.6003,-1,-1,-1
295,46,214.35,614.24,42.89,122.78,0.4390,-1,-1,-1
295,85,47.15,620.74,56.51,118.81,0.6144,-1,-1,-1
296,46,214.53,613.75,46.67,124.69,0.4413,-1,-1,-1
296,85,47.63,620.77,57.62,118.72,0.5635,-1,-1,-1
296,104,1378.64,549.54,39.35,115.37,0.4555,-1,-1,-1
297,46,222.47,614.97,44.97,124.39,0.3719,-1,-1,-1
297,85,48.39,621.56,57.69,120.20,0.6090,-1,-1,-1
297,104,1381.39,556.37,40.36,108.01,0.4537,-1,-1,-1
297,105,1347.03,540.66,39.01,130.10,0.3569,-1,-1,-1
298,46,224.62,611.70,47.07,127.00,0.4184,-1,-1,-1
298,85,48.57,621.39,57.19,120.13,0.6082,-1,-1,-1
298,104,1389.23,545.36,41.77,119.14,0.4214,-1,-1,-1
298,105,1350.89,533.27,43.82,138.25,0.4125,-1,-1,-1
299,46,226.54,615.60,45.83,124.22,0.4652,-1,-1,-1
299,85,48.92,622.69,57.03,119.11,0.6155,-1,-1,-1
299,104,1396.30,563.59,43.01,109.50,0.3227,-1,-1,-1
299,105,1352.94,533.30,51.57,148.41,0.3324,-1,-1,-1
300,46,228.47,614.83,49.09,125.72,0.4987,-1,-1,-1
300,85,48.69,620.09,57.83,123.44,0.5867,-1,-1,-1
300,104,1399.24,553.57,50.21,120.49,0.3037,-1,-1,-1
300,105,1350.11,527.93,49.80,111.26,0.3096,-1,-1,-1
300,106,1271.26,526.31,27.23,85.15,0.3020,-1,-1,-1
301,46,227.92,616.65,50.61,126.42,0.4830,-1,-1,-1
301,85,48.38,624.28,55.60,122.80,0.5044,-1,-1,-1
301,105,1358.42,529.12,43.57,95.83,0.4175,-1,-1,-1
301,107,1319.45,528.19,35.31,92.79,0.3329,-1,-1,-1
302,46,227.64,614.34,50.08,129.33,0.4957,-1,-1,-1
302,85,47.64,623.03,57.74,124.05,0.4920,-1,-1,-1
303,46,227.15,622.04,50.64,127.48,0.4471,-1,-1,-1
303,85,45.91,628.17,55.78,123.97,0.4652,-1,-1,-1
303,110,1291.76,525.11,35.29,94.79,0.3426,-1,-1,-1
304,46,227.85,622.14,50.06,126.90,0.5148,-1,-1,-1
304,85,45.99,627.56,55.61,123.62,0.4480,-1,-1,-1
305,46,227.11,628.33,51.08,125.35,0.4841,-1,-1,-1
305,85,47.26,635.71,59.02,118.53,0.4621,-1,-1,-1
305,110,1306.71,532.79,36.98,95.26,0.3244,-1,-1,-1
306,46,229.72,627.50,49.84,126.42,0.4850,-1,-1,-1
306,85,47.02,636.09,57.63,117.39,0.4345,-1,-1,-1
307,46,228.64,627.34,50.04,128.38,0.4913,-1,-1,-1
307,85,45.33,635.40,59.38,121.33,0.4808,-1,-1,-1
307,112,1339.39,528.99,42.55,107.23,0.4425,-1,-1,-1
308,46,227.60,629.41,47.26,131.18,0.4620,-1,-1,-1
308,85,44.41,637.41,61.16,126.75,0.5546,-1,-1,-1
308,112,1343.71,527.94,39.89,109.86,0.3948,-1,-1,-1
309,46,226.16,627.28,47.21,133.22,0.4384,-1,-1,-1
309,85,43.77,636.45,60.90,126.87,0.6164,-1,-1,-1
310,46,225.13,630.34,49.82,133.02,0.4357,-1,-1,-1
310,85,42.52,638.40,61.21,126.65,0.5955,-1,-1,-1
311,46,228.80,631.84,54.01,132.85,0.3678,-1,-1,-1
311,85,40.73,641.71,63.45,126.71,0.6292,-1,-1,-1
311,112,1361.86,528.38,41.90,117.03,0.3285,-1,-1,-1
312,46,226.25,630.27,52.60,133.58,0.3833,-1,-1,-1
312,85,39.61,641.00,61.97,126.43,0.5799,-1,-1,-1
313,46,228.44,636.31,56.16,133.06,0.3625,-1,-1,-1
313,85,38.65,643.37,63.75,129.29,0.6416,-1,-1,-1
314,46,227.95,638.58,50.58,134.46,0.3736,-1,-1,-1
314,85,37.72,645.17,60.92,128.75,0.5439,-1,-1,-1
315,46,227.77,636.92,50.59,136.53,0.4023,-1,-1,-1
315,85,36.59,644.64,59.79,129.05,0.5438,-1,-1,-1
316,46,226.24,637.24,50.24,137.07,0.3843,-1,-1,-1
316,85,34.86,645.23,57.62,130.02,0.4176,-1,-1,-1
316,115,1392.01,573.83,48.26,153.24,0.4471,-1,-1,-1
317,46,226.21,638.20,50.78,137.06,0.4154,-1,-1,-1
317,85,34.24,645.94,55.46,130.91,0.3997,-1,-1,-1
317,115,1395.33,548.33,56.44,188.19,0.4398,-1,-1,-1
318,46,226.12,640.05,47.61,135.93,0.3959,-1,-1,-1
318,85,33.34,647.29,56.06,131.44,0.4660,-1,-1,-1
318,115,1397.01,557.20,62.06,185.36,0.4633,-1,-1,-1
319,46,226.63,641.53,51.94,135.95,0.3736,-1,-1,-1
319,85,32.30,648.73,54.87,131.44,0.4419,-1,-1,-1
319,104,1520.09,587.58,48.44,139.24,0.3924,-1,-1,-1
319,115,1398.29,583.72,59.96,162.69,0.4030,-1,-1,-1
320,46,225.65,640.84,52.43,138.46,0.4202,-1,-1,-1
320,85,28.59,647.68,58.61,133.86,0.4502,-1,-1,-1
320,104,1525.17,590.52,48.39,133.52,0.4288,-1,-1,-1
321,46,224.54,639.42,53.51,140.63,0.4290,-1,-1,-1
321,85,25.77,648.51,60.73,135.73,0.5092,-1,-1,-1
321,104,1531.57,595.41,47.88,128.81,0.4018,-1,-1,-1
321,115,1402.52,598.97,60.42,147.06,0.3550,-1,-1,-1
322,46,223.81,637.98,53.73,142.63,0.4616,-1,-1,-1
322,85,23.62,648.70,60.47,136.37,0.4720,-1,-1,-1
322,104,1534.79,587.81,57.37,138.46,0.5018,-1,-1,-1
322,115,1404.12,606.71,63.46,140.97,0.3369,-1,-1,-1
323,46,222.77,635.71,54.60,145.59,0.3646,-1,-1,-1
323,85,20.35,647.93,61.59,137.97,0.5179,-1,-1,-1
323,104,1540.59,584.13,57.23,142.76,0.5776,-1,-1,-1
323,115,1405.41,591.67,67.18,155.73,0.4150,-1,-1,-1
324,46,213.59,634.02,47.34,144.92,0.3555,-1,-1,-1
324,85,16.82,646.16,61.50,138.25,0.5101,-1,-1,-1
324,104,1542.88,591.17,57.14,136.37,0.5380,-1,-1,-1
325,46,219.67,634.51,55.81,146.83,0.3881,-1,-1,-1
325,85,14.29,647.91,62.50,136.59,0.5181,-1,-1,-1
325,104,1548.15,608.78,52.56,123.76,0.4965,-1,-1,-1
325,115,1415.67,594.45,65.48,154.59,0.5530,-1,-1,-1
326,46,220.32,635.29,54.14,146.56,0.4113,-1,-1,-1
326,85,10.98,647.07,60.94,137.12,0.5601,-1,-1,-1
326,104,1552.14,593.32,49.35,138.10,0.4850,-1,-1,-1
326,115,1415.66,598.92,63.51,150.86,0.5391,-1,-1,-1
327,46,213.38,638.08,57.94,143.70,0.4917,-1,-1,-1
327,85,7.86,647.06,61.29,137.19,0.6158,-1,-1,-1
327,104,1555.48,601.87,53.36,132.31,0.4788,-1,-1,-1
327,115,1418.13,599.34,62.36,150.57,0.6185,-1,-1,-1
327,118,1780.56,539.03,39.69,113.09,0.4470,-1,-1,-1
328,46,207.93,638.32,62.22,147.19,0.4099,-1,-1,-1
328,85,5.38,653.51,60.86,133.33,0.6030,-1,-1,-1
328,104,1559.63,591.32,52.54,142.27,0.3883,-1,-1,-1
328,115,1419.14,594.80,64.79,156.01,0.6021,-1,-1,-1
328,118,1786.33,541.44,39.97,118.85,0.5422,-1,-1,-1
329,46,202.34,631.61,47.84,150.13,0.3333,-1,-1,-1
329,85,8.46,649.05,51.09,135.39,0.4845,-1,-1,-1
329,104,1563.09,585.86,53.12,151.37,0.4984,-1,-1,-1
329,115,1418.85,597.52,64.08,152.58,0.5802,-1,-1,-1
330,46,200.57,631.88,49.56,150.92,0.3513,-1,-1,-1
330,85,4.41,652.16,51.31,131.65,0.5153,-1,-1,-1
330,104,1563.13,587.11,58.74,157.34,0.4764,-1,-1,-1
330,115,1423.82,596.55,58.62,154.67,0.5070,-1,-1,-1
330,118,1797.86,541.12,44.84,122.00,0.4914,-1,-1,-1
331,46,197.26,632.23,49.39,152.82,0.3487,-1,-1,-1
331,85,2.76,651.59,50.72,132.74,0.5149,-1,-1,-1
331,104,1552.07,558.14,71.11,181.67,0.3547,-1,-1,-1
331,115,1429.61,596.78,55.86,154.58,0.6447,-1,-1,-1
331,118,1801.60,534.92,50.34,126.83,0.5363,-1,-1,-1
332,46,192.37,628.43,50.79,152.13,0.3297,-1,-1,-1
332,85,1.17,645.59,45.80,133.16,0.5161,-1,-1,-1
332,104,1571.08,590.99,59.67,147.93,0.4262,-1,-1,-1
332,115,1431.30,601.33,56.57,149.95,0.6267,-1,-1,-1
332,118,1805.14,533.41,48.36,127.46,0.3528,-1,-1,-1
333,46,187.20,627.47,65.29,153.57,0.3902,-1,-1,-1
333,85,-0.63,645.55,43.52,133.62,0.5680,-1,-1,-1
333,104,1573.63,574.55,55.22,163.81,0.3443,-1,-1,-1
333,115,1429.58,596.21,62.21,156.08,0.5239,-1,-1,-1
333,118,1813.09,526.89,48.03,129.69,0.4402,-1,-1,-1
334,46,188.35,626.29,65.73,155.62,0.3376,-1,-1,-1
334,85,-1.02,646.36,38.32,132.29,0.5768,-1,-1,-1
334,104,1581.04,583.94,55.77,154.06,0.4692,-1,-1,-1
334,115,1421.07,594.28,70.92,158.84,0.5211,-1,-1,-1
334,118,1820.58,523.77,49.12,129.82,0.5161,-1,-1,-1
335,46,177.12,630.67,46.06,151.36,0.3750,-1,-1,-1
335,85,-1.16,646.14,32.69,133.33,0.4921,-1,-1,-1
335,104,1583.39,589.11,59.08,146.40,0.3752,-1,-1,-1
335,115,1412.70,593.78,87.39,159.84,0.3427,-1,-1,-1
335,118,1825.31,518.69,48.39,135.50,0.6376,-1,-1,-1
336,46,175.91,627.87,44.08,154.98,0.3996,-1,-1,-1
336,85,-1.56,648.22,28.82,134.24,0.5375,-1,-1,-1
336,104,1577.51,544.59,58.68,196.32,0.3026,-1,-1,-1
336,115,1421.07,587.74,85.26,164.98,0.5722,-1,-1,-1
336,118,1827.65,513.47,53.70,136.57,0.5639,-1,-1,-1
337,46,174.99,628.66,51.71,159.06,0.4052,-1,-1,-1
337,85,-1.40,646.17,23.49,136.37,0.4218,-1,-1,-1
337,104,1573.13,533.23,66.86,216.71,0.4365,-1,-1,-1
337,115,1428.87,592.60,79.48,167.89,0.6618,-1,-1,-1
337,118,1837.43,518.23,49.04,137.52,0.4645,-1,-1,-1
338,46,172.81,634.18,56.18,158.90,0.4139,-1,-1,-1
338,85,-1.53,667.73,19.11,124.15,0.3363,-1,-1,-1
338,104,1572.46,531.17,69.85,218.55,0.3700,-1,-1,-1
338,115,1430.75,593.22,86.10,166.92,0.5655,-1,-1,-1
338,118,1841.23,519.07,50.54,132.05,0.5996,-1,-1,-1
339,46,167.94,638.47,58.51,157.76,0.4986,-1,-1,-1
339,104,1582.90,537.12,70.16,225.99,0.5213,-1,-1,-1
339,115,1426.67,598.98,95.40,167.28,0.7191,-1,-1,-1
339,118,1846.79,518.91,48.71,132.74,0.5667,-1,-1,-1
340,46,169.36,640.52,54.42,156.43,0.4730,-1,-1,-1
340,104,1575.25,537.51,81.14,229.36,0.5742,-1,-1,-1
340,115,1432.43,596.62,91.48,169.90,0.7526,-1,-1,-1
340,118,1849.70,518.28,50.29,131.81,0.5756,-1,-1,-1
341,46,158.35,640.22,46.21,161.12,0.3651,-1,-1,-1
341,104,1597.75,548.36,54.88,224.14,0.3670,-1,-1,-1
341,115,1435.52,601.40,87.27,171.83,0.7355,-1,-1,-1
342,46,157.62,643.75,46.13,161.15,0.4898,-1,-1,-1
342,104,1585.71,555.25,71.60,219.24,0.3157,-1,-1,-1
342,115,1422.94,602.60,93.31,176.37,0.6930,-1,-1,-1
342,123,191.75,637.51,45.14,155.78,0.3150,-1,-1,-1
343,46,147.19,649.86,50.37,162.12,0.5285,-1,-1,-1
343,104,1570.06,547.73,87.69,229.61,0.4119,-1,-1,-1
343,115,1443.82,614.38,69.24,170.35,0.6041,-1,-1,-1
344,46,139.20,653.88,57.99,163.20,0.4860,-1,-1,-1
344,104,1570.66,563.90,95.14,222.37,0.3273,-1,-1,-1
344,115,1442.87,617.59,71.04,170.87,0.6753,-1,-1,-1
344,118,1876.76,534.41,42.65,131.72,0.4552,-1,-1,-1
345,46,137.14,659.46,53.37,164.17,0.3694,-1,-1,-1
345,104,1570.31,590.69,54.38,183.13,0.3963,-1,-1,-1
345,115,1444.98,619.43,68.97,181.16,0.6134,-1,-1,-1
345,118,1876.97,537.22,42.37,133.16,0.4705,-1,-1,-1
345,123,174.60,656.47,45.33,151.90,0.4039,-1,-1,-1
346,46,129.50,663.38,55.18,169.00,0.3676,-1,-1,-1
346,104,1578.07,594.10,90.13,201.29,0.4313,-1,-1,-1
346,115,1440.41,622.44,68.49,182.44,0.5912,-1,-1,-1
346,118,1879.14,534.89,40.09,140.57,0.4743,-1,-1,-1
346,124,1361.22,571.99,64.60,198.22,0.3423,-1,-1,-1
347,46,118.77,670.69,56.69,170.23,0.4566,-1,-1,-1
347,104,1573.64,594.49,58.61,195.46,0.5165,-1,-1,-1
347,115,1432.63,627.12,77.94,185.71,0.5993,-1,-1,-1
347,118,1884.47,540.47,35.15,138.12,0.3244,-1,-1,-1
347,124,1361.59,581.57,62.03,194.76,0.3553,-1,-1,-1
348,46,117.76,671.12,55.66,170.29,0.5843,-1,-1,-1
348,104,1576.12,599.24,64.00,190.03,0.5148,-1,-1,-1
348,115,1448.80,630.95,61.06,187.12,0.6564,-1,-1,-1
348,127,1396.75,594.47,62.42,186.86,0.4330,-1,-1,-1
349,46,106.18,673.93,63.98,169.92,0.4650,-1,-1,-1
349,104,1578.45,612.79,64.21,184.14,0.4367,-1,-1,-1
349,115,1444.97,635.20,68.94,191.41,0.6875,-1,-1,-1
349,124,1355.70,598.73,62.17,182.77,0.4163,-1,-1,-1
349,127,1394.51,595.55,65.66,190.69,0.5119,-1,-1,-1
350,46,102.67,670.90,59.52,173.49,0.4883,-1,-1,-1
350,104,1580.69,614.91,73.11,183.52,0.5738,-1,-1,-1
350,115,1442.87,638.99,79.07,190.57,0.6503,-1,-1,-1
350,123,150.13,667.53,49.54,158.23,0.3799,-1,-1,-1
350,124,1357.07,604.66,65.55,180.43,0.4028,-1,-1,-1
350,127,1394.98,597.76,59.86,190.38,0.4075,-1,-1,-1
351,46,95.25,672.98,59.67,175.90,0.5600,-1,-1,-1
351,104,1581.93,609.16,69.28,187.97,0.4102,-1,-1,-1
351,115,1439.65,645.95,84.87,187.72,0.7042,-1,-1,-1
351,123,144.21,667.60,50.98,157.08,0.3899,-1,-1,-1
351,124,1354.60,607.33,71.42,178.54,0.4139,-1,-1,-1
351,127,1392.93,600.84,63.90,191.16,0.3519,-1,-1,-1
352,46,86.27,673.81,62.98,176.50,0.5697,-1,-1,-1
352,104,1584.49,607.76,79.58,204.34,0.5264,-1,-1,-1
352,115,1427.13,649.91,97.29,189.89,0.6594,-1,-1,-1
352,124,1358.65,605.13,63.27,183.66,0.4532,-1,-1,-1
353,46,79.16,679.50,67.06,172.30,0.4339,-1,-1,-1
353,104,1583.33,610.05,73.22,203.60,0.5756,-1,-1,-1
353,115,1437.18,651.62,92.39,191.61,0.6676,-1,-1,-1
353,123,135.92,671.37,51.52,161.51,0.3596,-1,-1,-1
353,124,1357.10,603.01,63.96,187.91,0.4916,-1,-1,-1
353,127,1398.50,599.69,49.62,192.73,0.4510,-1,-1,-1
354,46,78.32,682.50,66.17,172.20,0.5197,-1,-1,-1
354,104,1582.62,619.48,72.23,199.92,0.5588,-1,-1,-1
354,115,1448.01,656.07,81.65,196.84,0.6894,-1,-1,-1
354,123,129.41,671.04,53.79,164.10,0.3777,-1,-1,-1
354,124,1347.03,604.64,70.72,189.25,0.4860,-1,-1,-1
354,127,1394.94,601.79,63.03,193.41,0.3477,-1,-1,-1
355,46,85.35,678.89,49.21,178.07,0.4127,-1,-1,-1
355,104,1582.36,627.47,73.57,193.55,0.5786,-1,-1,-1
355,115,1445.85,656.39,83.90,196.32,0.6566,-1,-1,-1
355,123,123.14,667.24,48.22,166.52,0.4648,-1,-1,-1
355,124,1349.78,606.97,62.16,190.62,0.4303,-1,-1,-1
355,127,1390.97,604.81,61.29,197.30,0.4293,-1,-1,-1
356,46,63.18,681.35,66.70,177.98,0.4241,-1,-1,-1
356,104,1581.14,632.90,78.05,196.21,0.5770,-1,-1,-1
356,115,1440.31,658.64,94.76,198.84,0.6952,-1,-1,-1
356,123,115.43,665.40,54.58,171.54,0.3936,-1,-1,-1
356,124,1348.06,603.47,62.92,196.12,0.3902,-1,-1,-1
356,127,1391.37,610.58,60.65,199.52,0.3672,-1,-1,-1
357,46,72.08,679.09,48.86,177.10,0.3899,-1,-1,-1
357,104,1576.52,643.82,85.26,192.58,0.6404,-1,-1,-1
357,115,1448.48,666.33,85.96,197.12,0.7572,-1,-1,-1
357,124,1348.85,584.79,55.61,212.68,0.3654,-1,-1,-1
357,127,1384.99,611.91,67.05,200.47,0.3771,-1,-1,-1
358,46,61.07,683.61,58.40,181.02,0.5443,-1,-1,-1
358,104,1575.21,647.85,92.14,190.77,0.6255,-1,-1,-1
358,115,1450.43,671.61,81.62,192.85,0.7842,-1,-1,-1
358,124,1350.98,597.35,51.16,202.90,0.4392,-1,-1,-1
358,127,1386.93,614.36,69.74,199.37,0.5231,-1,-1,-1
359,46,51.23,692.05,58.17,176.78,0.3690,-1,-1,-1
359,104,1579.05,650.10,92.88,195.03,0.6683,-1,-1,-1
359,115,1450.86,681.66,78.52,192.60,0.6677,-1,-1,-1
359,123,97.46,673.49,47.23,172.50,0.4345,-1,-1,-1
359,124,1345.18,591.74,54.98,187.79,0.4115,-1,-1,-1
359,127,1386.54,614.79,71.44,202.25,0.4642,-1,-1,-1
360,46,41.85,691.96,58.90,178.15,0.4084,-1,-1,-1
360,104,1580.84,656.07,91.82,197.18,0.6186,-1,-1,-1
360,115,1454.09,683.82,74.66,193.24,0.7213,-1,-1,-1
360,123,92.54,674.28,49.27,170.29,0.3972,-1,-1,-1
360,124,1341.89,594.88,57.59,213.34,0.5521,-1,-1,-1
360,127,1378.40,620.79,79.68,199.34,0.4151,-1,-1,-1
361,46,34.13,688.95,60.26,182.75,0.4913,-1,-1,-1
361,104,1580.34,661.47,93.10,195.44,0.6780,-1,-1,-1
361,115,1454.69,685.80,70.78,199.33,0.7348,-1,-1,-1
361,123,83.65,681.47,54.08,170.82,0.4341,-1,-1,-1
361,124,1341.91,592.55,54.95,209.80,0.4559,-1,-1,-1
361,127,1375.87,620.78,78.02,201.60,0.4502,-1,-1,-1
362,46,24.12,692.25,68.07,184.67,0.4408,-1,-1,-1
362,104,1582.88,661.20,88.91,201.85,0.6443,-1,-1,-1
362,115,1453.15,681.99,77.02,205.85,0.7320,-1,-1,-1
362,123,78.25,683.24,48.57,172.20,0.4968,-1,-1,-1
362,124,1341.73,599.71,54.65,220.40,0.5294,-1,-1,-1
362,127,1374.55,622.80,86.01,206.70,0.4946,-1,-1,-1
363,46,18.03,693.12,66.63,189.87,0.3859,-1,-1,-1
363,104,1584.30,660.98,84.20,205.30,0.5625,-1,-1,-1
363,115,1455.12,679.16,75.01,219.52,0.7406,-1,-1,-1
363,123,69.38,682.77,51.46,177.01,0.4350,-1,-1,-1
363,124,1340.06,599.87,55.73,221.73,0.5457,-1,-1,-1
363,127,1378.62,617.99,82.11,213.85,0.4929,-1,-1,-1
364,46,10.74,696.80,66.16,188.23,0.4325,-1,-1,-1
364,104,1581.53,662.19,80.08,214.47,0.6292,-1,-1,-1
364,115,1451.17,688.12,83.39,221.82,0.7584,-1,-1,-1
364,123,63.49,685.80,51.59,178.43,0.3715,-1,-1,-1
364,124,1337.00,607.75,57.61,205.14,0.3122,-1,-1,-1
364,127,1374.10,629.18,60.83,210.59,0.4714,-1,-1,-1
365,46,6.06,700.83,62.86,192.41,0.4497,-1,-1,-1
365,104,1582.57,665.40,75.93,214.78,0.5975,-1,-1,-1
365,115,1447.40,692.28,92.40,220.40,0.6988,-1,-1,-1
365,123,54.40,692.21,56.38,178.49,0.3847,-1,-1,-1
365,124,1337.29,625.09,51.77,170.72,0.3369,-1,-1,-1
365,127,1372.66,630.39,70.34,216.14,0.5356,-1,-1,-1
366,46,6.06,705.02,53.46,189.64,0.5091,-1,-1,-1
366,104,1579.59,663.77,76.01,218.65,0.6737,-1,-1,-1
366,115,1448.19,697.80,96.75,223.35,0.7253,-1,-1,-1
366,123,49.05,693.68,53.34,174.67,0.5618,-1,-1,-1
366,124,1340.48,637.58,49.92,204.56,0.3635,-1,-1,-1
366,127,1372.88,632.65,69.12,217.88,0.6042,-1,-1,-1
367,46,1.74,713.86,52.52,186.59,0.5156,-1,-1,-1
367,104,1577.99,662.01,81.82,232.75,0.6498,-1,-1,-1
367,115,1454.18,706.31,91.45,221.22,0.7107,-1,-1,-1
367,123,44.32,702.39,50.09,172.73,0.5367,-1,-1,-1
367,124,1333.77,637.69,51.96,168.02,0.4946,-1,-1,-1
367,127,1374.23,638.46,68.02,214.73,0.5760,-1,-1,-1
368,46,-0.53,716.09,46.27,190.40,0.4644,-1,-1,-1
368,104,1575.62,663.66,87.24,236.45,0.6304,-1,-1,-1
368,115,1456.62,711.59,90.80,223.08,0.7127,-1,-1,-1
368,123,35.63,707.83,53.45,174.27,0.3835,-1,-1,-1
368,124,1333.69,644.93,49.91,167.98,0.4757,-1,-1,-1
368,127,1372.60,639.29,62.76,217.33,0.5891,-1,-1,-1
369,46,-2.35,715.30,42.32,196.60,0.4829,-1,-1,-1
369,104,1577.32,663.40,86.13,238.71,0.6316,-1,-1,-1
369,115,1461.84,710.52,88.89,228.46,0.5707,-1,-1,-1
369,123,25.62,708.30,56.13,180.00,0.6029,-1,-1,-1
369,124,1329.38,647.07,56.23,203.60,0.5574,-1,-1,-1
369,127,1374.09,641.91,62.24,217.56,0.5802,-1,-1,-1
370,46,-1.89,718.65,31.14,195.66,0.3763,-1,-1,-1
370,104,1564.34,662.56,102.00,240.72,0.6565,-1,-1,-1
370,115,1460.44,715.59,92.66,230.27,0.6383,-1,-1,-1
370,123,15.53,711.16,57.11,181.59,0.4460,-1,-1,-1
370,124,1326.96,645.11,58.76,216.63,0.3464,-1,-1,-1
370,127,1368.16,643.97,65.39,220.66,0.5170,-1,-1,-1
370,131,1505.24,576.49,43.01,67.67,0.3458,-1,-1,-1
371,46,-4.44,722.63,28.52,188.24,0.3568,-1,-1,-1
371,104,1557.90,666.93,113.08,237.03,0.6947,-1,-1,-1
371,115,1461.99,718.90,91.88,229.57,0.7186,-1,-1,-1
371,123,9.56,713.91,54.91,186.50,0.5524,-1,-1,-1
371,127,1366.45,644.98,67.93,222.71,0.4880,-1,-1,-1
371,131,1504.79,576.73,45.00,67.63,0.3103,-1,-1,-1
372,104,1555.54,669.02,116.00,240.96,0.6669,-1,-1,-1
372,115,1461.00,719.86,94.37,232.45,0.7244,-1,-1,-1
372,123,0.72,717.50,58.27,183.43,0.6471,-1,-1,-1
372,127,1362.49,646.47,71.10,224.30,0.5200,-1,-1,-1
373,104,1562.98,671.70,110.23,244.39,0.6847,-1,-1,-1
373,115,1459.50,719.72,96.13,235.25,0.7239,-1,-1,-1
373,123,-1.45,726.20,51.55,179.82,0.5496,-1,-1,-1
373,127,1359.85,649.07,72.74,224.26,0.4941,-1,-1,-1
374,104,1560.37,678.02,112.01,243.60,0.6547,-1,-1,-1
374,115,1455.08,722.40,96.29,237.41,0.7138,-1,-1,-1
374,123,-1.82,730.10,41.88,176.50,0.6577,-1,-1,-1
374,127,1359.03,653.63,74.53,222.74,0.5884,-1,-1,-1
374,132,1312.90,643.88,56.01,168.81,0.3208,-1,-1,-1
375,104,1562.52,674.12,105.55,245.47,0.6330,-1,-1,-1
375,115,1455.28,724.32,86.23,239.48,0.7044,-1,-1,-1
375,123,-2.88,733.32,35.00,179.58,0.5737,-1,-1,-1
375,127,1357.97,656.99,77.82,222.15,0.5840,-1,-1,-1
376,104,1559.49,678.76,103.36,243.22,0.6108,-1,-1,-1
376,115,1456.36,726.01,81.38,241.69,0.7020,-1,-1,-1
376,123,-2.81,733.59,24.06,173.82,0.5310,-1,-1,-1
376,127,1351.30,653.36,79.17,222.55,0.5088,-1,-1,-1
376,133,1704.71,609.91,48.85,139.52,0.3564,-1,-1,-1
377,104,1555.50,682.74,99.60,236.57,0.5969,-1,-1,-1
377,115,1456.18,725.48,82.02,247.54,0.6784,-1,-1,-1
377,127,1346.41,649.16,87.92,227.70,0.5839,-1,-1,-1
377,133,1712.86,603.26,60.16,148.24,0.3323,-1,-1,-1
378,104,1550.56,683.56,100.93,243.21,0.6499,-1,-1,-1
378,115,1457.69,726.12,80.64,254.00,0.6445,-1,-1,-1
378,127,1340.84,647.20,87.11,231.96,0.4302,-1,-1,-1
378,133,1723.46,604.84,59.33,142.66,0.5157,-1,-1,-1
379,104,1547.92,677.44,92.21,249.06,0.7072,-1,-1,-1
379,115,1456.83,725.78,79.73,261.83,0.6688,-1,-1,-1
379,127,1334.35,642.74,67.90,195.18,0.3057,-1,-1,-1
379,133,1717.51,599.64,62.37,144.65,0.3526,-1,-1,-1
380,104,1541.00,679.39,96.01,252.17,0.6643,-1,-1,-1
380,115,1454.56,724.92,80.22,267.61,0.6928,-1,-1,-1
380,127,1331.04,646.88,61.53,180.61,0.4129,-1,-1,-1
380,133,1729.08,600.61,47.18,144.83,0.3179,-1,-1,-1
381,104,1530.54,679.76,87.69,258.90,0.6150,-1,-1,-1
381,115,1452.82,727.32,91.90,268.12,0.7050,-1,-1,-1
381,127,1327.92,648.22,58.92,182.12,0.4176,-1,-1,-1
381,133,1711.65,601.18,55.70,144.27,0.3309,-1,-1,-1
382,104,1534.34,677.76,78.83,260.23,0.5855,-1,-1,-1
382,115,1449.58,732.17,90.98,268.45,0.6865,-1,-1,-1
382,127,1323.54,648.63,58.62,182.64,0.6209,-1,-1,-1
382,133,1714.47,590.71,61.99,152.78,0.4632,-1,-1,-1
382,135,1445.37,559.85,42.61,82.82,0.3740,-1,-1,-1
383,104,1528.83,686.19,83.72,251.42,0.5602,-1,-1,-1
383,115,1446.79,737.63,96.64,267.40,0.7161,-1,-1,-1
383,127,1321.31,649.26,54.25,187.07,0.6668,-1,-1,-1
383,131,1506.10,563.18,44.93,66.59,0.3026,-1,-1,-1
383,133,1710.52,593.96,54.29,148.22,0.3534,-1,-1,-1
384,104,1519.71,684.44,90.76,258.30,0.5851,-1,-1,-1
384,115,1443.33,740.86,101.54,270.44,0.7348,-1,-1,-1
384,127,1317.48,647.69,52.90,188.52,0.6727,-1,-1,-1
384,133,1710.60,596.38,54.76,147.33,0.3830,-1,-1,-1
384,135,1439.14,561.77,46.69,80.60,0.3172,-1,-1,-1
385,104,1518.62,688.30,92.74,251.93,0.6054,-1,-1,-1
385,115,1439.94,742.03,99.44,271.18,0.7481,-1,-1,-1
385,127,1255.22,646.77,105.10,212.15,0.3308,-1,-1,-1
385,133,1717.26,592.69,68.98,154.39,0.4331,-1,-1,-1
385,135,1435.97,566.29,48.78,76.01,0.3919,-1,-1,-1
386,104,1512.60,694.60,97.11,252.59,0.5701,-1,-1,-1
386,115,1433.38,745.61,95.61,273.97,0.7487,-1,-1,-1
386,127,1243.42,643.80,60.43,218.81,0.3640,-1,-1,-1
386,131,1493.34,558.52,49.26,74.63,0.3481,-1,-1,-1
386,133,1718.63,594.30,67.22,156.80,0.3018,-1,-1,-1
386,135,1433.36,560.34,45.58,81.85,0.3879,-1,-1,-1
387,104,1506.16,693.68,97.42,256.82,0.6553,-1,-1,-1
387,115,1431.89,746.00,91.01,275.16,0.7025,-1,-1,-1
387,127,1239.48,643.28,65.70,218.79,0.4951,-1,-1,-1
387,131,1493.10,554.88,52.33,76.47,0.4322,-1,-1,-1
387,133,1727.77,588.46,65.13,155.73,0.3177,-1,-1,-1
388,104,1495.33,681.29,104.31,273.31,0.5974,-1,-1,-1
388,115,1429.40,746.39,90.94,281.79,0.6605,-1,-1,-1
388,127,1262.20,647.04,84.19,225.89,0.3327,-1,-1,-1
388,131,1488.74,559.09,56.22,75.16,0.3930,-1,-1,-1
389,104,1486.17,682.76,113.06,275.30,0.6406,-1,-1,-1
389,115,1426.87,746.59,93.59,289.55,0.5931,-1,-1,-1
389,133,1733.83,589.91,62.38,161.59,0.3028,-1,-1,-1
389,139,1217.10,644.94,68.74,219.33,0.4830,-1,-1,-1
390,104,1487.00,690.80,107.58,267.44,0.5612,-1,-1,-1
390,115,1415.06,749.01,101.88,291.70,0.6095,-1,-1,-1
390,127,1274.29,643.98,59.57,226.77,0.4331,-1,-1,-1
390,131,1482.97,558.38,44.72,75.76,0.3224,-1,-1,-1
390,139,1226.17,647.75,58.09,224.82,0.4834,-1,-1,-1
391,104,1481.87,712.23,109.87,242.93,0.5664,-1,-1,-1
391,115,1406.87,752.14,113.17,297.84,0.5774,-1,-1,-1
391,131,1482.61,558.95,51.37,82.02,0.4340,-1,-1,-1
391,135,1413.49,554.11,45.20,89.93,0.5165,-1,-1,-1
391,139,1215.59,650.12,58.93,222.74,0.3407,-1,-1,-1
391,141,1530.97,565.17,44.82,81.42,0.3900,-1,-1,-1
392,104,1470.79,708.74,112.19,250.97,0.5198,-1,-1,-1
392,115,1397.94,756.20,108.34,296.40,0.6735,-1,-1,-1
392,127,1250.11,647.33,67.94,234.54,0.4927,-1,-1,-1
392,133,1734.61,588.89,57.17,174.44,0.3318,-1,-1,-1
392,135,1407.11,552.08,46.86,91.56,0.3670,-1,-1,-1
392,139,1195.69,647.17,69.87,228.67,0.4906,-1,-1,-1
392,141,1525.67,560.52,42.70,90.73,0.3366,-1,-1,-1
392,142,1338.62,552.34,53.08,113.05,0.3810,-1,-1,-1
393,104,1454.02,698.19,85.95,190.29,0.3620,-1,-1,-1
393,115,1394.65,762.15,111.94,296.52,0.6515,-1,-1,-1
393,131,1469.32,563.28,49.82,79.81,0.5495,-1,-1,-1
393,133,1730.59,605.15,61.05,161.26,0.4079,-1,-1,-1
393,139,1190.93,646.63,68.34,231.63,0.4799,-1,-1,-1
393,141,1519.20,562.97,44.40,90.74,0.4266,-1,-1,-1
393,142,1335.13,553.83,52.38,116.88,0.4282,-1,-1,-1
394,115,1388.32,764.74,104.93,299.14,0.5831,-1,-1,-1
394,131,1462.38,561.53,55.21,77.93,0.3512,-1,-1,-1
394,133,1730.17,604.06,55.90,158.60,0.4590,-1,-1,-1
394,135,1384.39,549.45,57.59,96.78,0.4484,-1,-1,-1
394,139,1183.42,650.68,65.90,228.74,0.5015,-1,-1,-1
394,141,1517.42,563.64,43.69,91.70,0.3002,-1,-1,-1
394,142,1329.25,553.91,49.95,116.31,0.4489,-1,-1,-1
395,104,1444.10,711.73,82.68,252.24,0.5118,-1,-1,-1
395,115,1380.27,767.44,99.91,301.43,0.6790,-1,-1,-1
395,131,1459.41,559.83,44.11,80.47,0.3552,-1,-1,-1
395,133,1728.12,598.54,56.14,166.08,0.4611,-1,-1,-1
395,135,1389.12,548.70,48.41,95.72,0.5514,-1,-1,-1
395,139,1170.34,648.99,70.50,237.96,0.6525,-1,-1,-1
395,141,1508.20,562.15,44.44,87.40,0.3352,-1,-1,-1
395,142,1321.38,556.66,51.79,121.84,0.5622,-1,-1,-1
396,104,1432.29,703.49,87.22,252.89,0.4948,-1,-1,-1
396,115,1372.38,771.84,105.09,302.21,0.7461,-1,-1,-1
396,131,1445.77,558.45,49.00,82.37,0.3514,-1,-1,-1
396,133,1726.83,598.17,57.01,171.03,0.4980,-1,-1,-1
396,135,1384.15,549.04,44.35,98.28,0.4157,-1,-1,-1
396,139,1161.95,647.46,70.84,223.35,0.5778,-1,-1,-1
396,142,1315.48,558.37,51.98,122.88,0.4676,-1,-1,-1
397,104,1418.70,717.35,87.86,261.13,0.4163,-1,-1,-1
397,115,1365.81,772.45,102.13,305.32,0.6440,-1,-1,-1
397,131,1445.77,562.64,51.58,83.09,0.5600,-1,-1,-1
397,133,1723.39,601.61,56.35,168.30,0.5076,-1,-1,-1
397,135,1372.31,550.98,45.29,97.22,0.4724,-1,-1,-1
397,139,1149.31,649.14,72.90,230.78,0.6025,-1,-1,-1
397,141,1495.86,562.96,45.76,90.20,0.4560,-1,-1,-1
397,142,1312.82,562.34,49.39,121.88,0.4727,-1,-1,-1
398,104,1395.94,704.94,93.18,185.83,0.3366,-1,-1,-1
398,115,1356.64,769.47,112.91,306.05,0.5333,-1,-1,-1
398,131,1436.99,559.23,51.25,86.67,0.3245,-1,-1,-1
398,133,1715.57,605.87,56.46,164.41,0.4393,-1,-1,-1
398,135,1366.93,551.71,47.85,95.07,0.4548,-1,-1,-1
398,139,1142.10,649.10,73.62,239.07,0.5449,-1,-1,-1
398,142,1301.25,557.34,47.55,125.69,0.6488,-1,-1,-1
399,115,1348.42,768.57,111.51,311.02,0.3335,-1,-1,-1
399,133,1713.02,605.08,60.00,162.70,0.4787,-1,-1,-1
399,135,1361.55,556.18,38.90,92.25,0.3336,-1,-1,-1
399,139,1129.05,653.07,67.73,225.98,0.6109,-1,-1,-1
399,141,1479.08,557.52,44.49,93.98,0.3647,-1,-1,-1
399,142,1293.08,552.20,50.66,128.64,0.5964,-1,-1,-1
400,104,1379.73,716.75,77.33,156.00,0.4167,-1,-1,-1
400,115,1339.52,770.11,111.50,310.25,0.3856,-1,-1,-1
400,131,1419.96,562.28,51.56,83.27,0.5254,-1,-1,-1
400,133,1711.76,610.21,68.68,162.16,0.3388,-1,-1,-1
400,135,1349.28,549.48,43.16,98.35,0.5130,-1,-1,-1
400,139,1111.62,655.28,93.26,263.45,0.5451,-1,-1,-1
400,141,1471.49,559.42,44.96,93.79,0.4436,-1,-1,-1
400,142,1289.56,557.33,40.78,125.70,0.6083,-1,-1,-1
401,104,1376.46,725.10,66.65,149.30,0.3487,-1,-1,-1
401,115,1322.60,771.59,115.08,307.66,0.5653,-1,-1,-1
401,131,1410.95,559.51,52.29,84.24,0.3437,-1,-1,-1
401,133,1707.44,610.07,57.42,161.25,0.3395,-1,-1,-1
401,135,1340.79,545.25,44.87,100.96,0.4687,-1,-1,-1
401,139,1092.68,656.58,83.68,248.85,0.7007,-1,-1,-1
401,141,1465.03,558.08,44.68,91.89,0.3094,-1,-1,-1
401,142,1277.56,552.56,47.09,130.89,0.6619,-1,-1,-1
402,115,1314.57,776.47,115.50,303.05,0.6448,-1,-1,-1
402,135,1323.62,540.23,50.87,108.58,0.4397,-1,-1,-1
402,139,1073.33,655.64,102.05,251.73,0.6523,-1,-1,-1
402,141,1454.97,556.46,45.17,97.02,0.3016,-1,-1,-1
402,142,1267.60,551.25,47.99,129.61,0.4939,-1,-1,-1
403,115,1303.01,762.61,124.68,315.21,0.6407,-1,-1,-1
403,131,1395.31,559.63,54.36,86.56,0.4315,-1,-1,-1
403,135,1314.86,542.78,51.75,105.63,0.5202,-1,-1,-1
403,139,1057.77,657.11,111.50,280.72,0.6647,-1,-1,-1
403,141,1446.19,557.84,51.08,99.18,0.3681,-1,-1,-1
403,142,1262.12,553.36,40.43,128.62,0.4628,-1,-1,-1
404,115,1284.44,767.21,129.24,311.21,0.7311,-1,-1,-1
404,131,1384.95,556.73,54.21,89.29,0.4260,-1,-1,-1
404,135,1311.12,543.05,45.94,105.74,0.5543,-1,-1,-1
404,139,1067.85,659.91,92.37,282.67,0.6716,-1,-1,-1
404,141,1434.66,560.40,48.02,91.20,0.4463,-1,-1,-1
404,142,1251.04,547.14,44.34,130.89,0.4947,-1,-1,-1
405,115,1258.22,782.39,143.12,298.27,0.6210,-1,-1,-1
405,131,1374.48,559.02,51.55,88.01,0.3299,-1,-1,-1
405,135,1296.61,541.75,49.43,108.50,0.4407,-1,-1,-1
405,139,1039.88,659.64,105.03,281.34,0.6304,-1,-1,-1
405,141,1425.30,559.95,45.94,94.67,0.4478,-1,-1,-1
405,142,1241.88,546.30,38.67,134.53,0.4920,-1,-1,-1
406,115,1202.82,782.89,182.17,295.93,0.5779,-1,-1,-1
406,135,1291.61,542.31,43.98,105.04,0.6222,-1,-1,-1
406,139,1010.78,661.59,117.91,283.08,0.7467,-1,-1,-1
406,141,1415.37,555.84,46.86,95.77,0.3943,-1,-1,-1
406,142,1228.84,547.83,43.91,128.89,0.6197,-1,-1,-1
407,115,1184.08,780.73,186.46,298.20,0.6123,-1,-1,-1
407,131,1352.22,558.47,45.77,91.08,0.3668,-1,-1,-1
407,133,1672.83,601.12,73.01,187.99,0.3394,-1,-1,-1
407,135,1279.37,549.52,43.76,101.39,0.5676,-1,-1,-1
407,139,994.81,664.31,120.81,286.03,0.5517,-1,-1,-1
407,141,1404.81,553.27,46.27,103.46,0.4213,-1,-1,-1
407,142,1218.25,543.24,43.79,138.77,0.5248,-1,-1,-1
408,115,1197.43,793.16,160.13,285.69,0.5678,-1,-1,-1
408,131,1340.69,559.19,47.14,88.72,0.3600,-1,-1,-1
408,135,1267.40,542.78,43.12,105.13,0.6265,-1,-1,-1
408,139,997.91,667.59,102.95,288.28,0.6287,-1,-1,-1
408,141,1394.66,556.27,44.89,96.75,0.4107,-1,-1,-1
408,142,1204.27,546.13,46.80,132.93,0.5757,-1,-1,-1
409,115,1193.85,791.94,142.93,287.58,0.7033,-1,-1,-1
409,131,1328.39,558.22,45.75,91.66,0.3676,-1,-1,-1
409,135,1251.10,547.40,49.37,104.43,0.4838,-1,-1,-1
409,139,964.09,664.80,120.17,292.20,0.6842,-1,-1,-1
409,141,1381.96,552.60,45.11,103.78,0.4233,-1,-1,-1
409,142,1193.70,543.10,46.08,138.15,0.5569,-1,-1,-1
410,115,1188.50,808.74,128.30,272.32,0.5441,-1,-1,-1
410,131,1326.44,559.52,50.34,90.64,0.3963,-1,-1,-1
410,135,1239.86,541.59,48.11,107.40,0.5803,-1,-1,-1
410,139,942.59,668.50,116.26,293.66,0.7119,-1,-1,-1
410,141,1372.68,550.05,42.88,107.83,0.3417,-1,-1,-1
410,142,1179.95,542.97,47.19,136.22,0.5673,-1,-1,-1
410,144,1649.43,591.44,66.90,216.05,0.3474,-1,-1,-1
411,115,1164.01,815.59,136.34,263.00,0.7390,-1,-1,-1
411,131,1305.11,557.75,48.47,93.03,0.4078,-1,-1,-1
411,135,1228.25,545.16,47.06,107.53,0.5131,-1,-1,-1
411,139,932.87,669.11,113.07,292.94,0.5428,-1,-1,-1
411,141,1356.73,550.18,48.14,107.22,0.4497,-1,-1,-1
411,142,1168.21,540.68,45.52,140.52,0.3982,-1,-1,-1
412,115,1149.89,825.30,130.89,252.11,0.6996,-1,-1,-1
412,131,1293.33,556.15,42.95,93.06,0.3485,-1,-1,-1
412,135,1216.02,539.19,43.44,111.26,0.5604,-1,-1,-1
412,139,900.12,666.33,137.11,301.61,0.6780,-1,-1,-1
412,141,1345.88,553.52,43.45,101.57,0.5035,-1,-1,-1
412,142,1151.48,540.42,49.22,136.42,0.5157,-1,-1,-1
412,144,1632.98,603.96,58.19,196.75,0.4097,-1,-1,-1
413,115,1115.80,814.88,144.51,264.06,0.5992,-1,-1,-1
413,131,1279.50,555.61,41.32,94.25,0.4545,-1,-1,-1
413,135,1197.51,537.73,47.26,116.98,0.5650,-1,-1,-1
413,139,893.40,669.94,127.73,298.89,0.6614,-1,-1,-1
413,141,1330.94,550.30,43.45,107.91,0.4293,-1,-1,-1
413,142,1138.26,542.46,44.46,137.99,0.4519,-1,-1,-1
414,115,1116.22,825.93,124.25,253.89,0.6701,-1,-1,-1
414,131,1266.30,552.52,44.65,98.46,0.4608,-1,-1,-1
414,135,1182.38,538.70,50.11,115.17,0.6610,-1,-1,-1
414,139,865.09,671.76,113.10,301.60,0.7009,-1,-1,-1
414,141,1318.66,552.38,46.74,104.21,0.4727,-1,-1,-1
414,146,1861.70,591.24,57.55,179.88,0.3609,-1,-1,-1
415,115,1074.95,820.49,141.19,257.88,0.5636,-1,-1,-1
415,131,1252.25,557.20,52.75,93.23,0.4585,-1,-1,-1
415,135,1165.08,535.60,52.10,118.00,0.6298,-1,-1,-1
415,139,837.54,671.54,119.59,304.53,0.7166,-1,-1,-1
415,141,1305.21,550.08,43.29,108.78,0.5070,-1,-1,-1
415,142,1110.26,543.99,46.95,134.36,0.4881,-1,-1,-1
416,115,1068.54,827.91,126.83,248.94,0.6422,-1,-1,-1
416,131,1238.00,553.78,40.85,94.75,0.4522,-1,-1,-1
416,135,1147.84,535.65,51.60,117.97,0.5831,-1,-1,-1
416,139,812.08,672.42,109.99,307.62,0.7553,-1,-1,-1
416,141,1286.83,552.44,48.54,105.48,0.4722,-1,-1,-1
416,142,1095.40,537.08,49.12,141.85,0.5351,-1,-1,-1
417,115,1021.79,830.88,147.23,246.39,0.5397,-1,-1,-1
417,131,1222.10,555.16,48.01,93.12,0.4343,-1,-1,-1
417,135,1135.30,533.03,53.64,118.40,0.5393,-1,-1,-1
417,139,782.61,675.80,112.14,307.80,0.7304,-1,-1,-1
417,141,1275.19,551.86,43.22,107.17,0.3935,-1,-1,-1
417,142,1082.10,538.17,49.68,131.34,0.4162,-1,-1,-1
417,146,1816.28,584.19,62.11,188.78,0.3992,-1,-1,-1
418,115,1021.35,834.08,123.25,245.81,0.6615,-1,-1,-1
418,131,1207.53,557.85,41.36,91.09,0.5133,-1,-1,-1
418,135,1117.19,531.43,56.89,118.32,0.7112,-1,-1,-1
418,139,752.51,675.81,112.77,311.21,0.7946,-1,-1,-1
418,141,1256.46,552.22,44.63,106.39,0.4058,-1,-1,-1
418,142,1061.38,540.25,50.14,137.25,0.4719,-1,-1,-1
418,146,1796.51,583.84,89.08,199.99,0.4687,-1,-1,-1
418,149,1621.15,603.01,74.37,175.13,0.4241,-1,-1,-1
419,115,1009.18,836.68,109.96,243.30,0.6643,-1,-1,-1
419,131,1192.84,550.58,40.75,96.24,0.5641,-1,-1,-1
419,135,1102.64,531.64,50.97,118.00,0.5705,-1,-1,-1
419,139,715.55,677.28,123.71,315.80,0.7996,-1,-1,-1
419,141,1240.67,549.49,47.29,105.90,0.3748,-1,-1,-1
419,142,1047.53,539.30,50.95,133.37,0.4720,-1,-1,-1
419,146,1779.71,574.37,99.58,211.56,0.4980,-1,-1,-1
419,149,1609.17,612.73,77.19,167.99,0.5803,-1,-1,-1
420,115,973.37,836.79,117.67,243.14,0.7124,-1,-1,-1
420,131,1177.10,553.15,47.46,93.76,0.5381,-1,-1,-1
420,135,1090.65,531.70,51.32,115.60,0.6096,-1,-1,-1
420,139,685.99,680.46,127.94,314.77,0.7663,-1,-1,-1
420,141,1225.69,553.15,45.68,105.67,0.3605,-1,-1,-1
420,142,1033.23,531.19,50.97,135.85,0.4455,-1,-1,-1
420,146,1768.47,574.80,69.43,199.86,0.6185,-1,-1,-1
420,149,1589.91,612.88,78.61,166.03,0.4450,-1,-1,-1
420,150,905.17,784.52,107.85,295.29,0.5557,-1,-1,-1
421,115,944.29,833.51,119.43,246.27,0.6579,-1,-1,-1
421,131,1160.26,553.87,46.28,94.85,0.5058,-1,-1,-1
421,135,1071.31,532.29,55.07,116.94,0.6502,-1,-1,-1
421,139,656.52,680.50,129.82,317.49,0.7828,-1,-1,-1
421,141,1206.47,549.79,46.73,107.56,0.4579,-1,-1,-1
421,142,1010.31,537.33,52.53,138.99,0.5131,-1,-1,-1
421,146,1752.75,578.79,68.51,202.67,0.6453,-1,-1,-1
421,149,1582.62,610.37,76.51,168.66,0.4711,-1,-1,-1
421,150,869.50,771.42,119.16,307.56,0.3357,-1,-1,-1
422,115,912.41,845.69,122.64,234.41,0.7687,-1,-1,-1
422,131,1143.09,551.33,43.44,95.11,0.4906,-1,-1,-1
422,135,1052.47,529.37,52.31,116.79,0.5807,-1,-1,-1
422,139,623.90,678.74,142.46,327.96,0.8119,-1,-1,-1
422,141,1189.57,547.06,50.34,110.16,0.3941,-1,-1,-1
422,142,988.73,527.20,59.58,144.15,0.5408,-1,-1,-1
422,149,1556.68,608.51,84.71,172.08,0.5048,-1,-1,-1
422,150,853.24,790.97,103.86,288.89,0.5142,-1,-1,-1
423,115,880.14,849.67,123.03,230.36,0.7497,-1,-1,-1
423,131,1124.48,552.76,50.43,94.89,0.3632,-1,-1,-1
423,135,1032.49,528.29,58.26,119.40,0.5553,-1,-1,-1
423,139,599.74,683.32,134.49,323.92,0.7453,-1,-1,-1
423,142,970.46,527.87,55.10,140.63,0.5009,-1,-1,-1
423,146,1719.37,578.23,67.13,203.97,0.5409,-1,-1,-1
423,149,1554.86,607.49,66.03,171.41,0.6357,-1,-1,-1
423,150,814.26,802.13,109.71,276.37,0.5449,-1,-1,-1
424,115,856.14,857.75,116.71,222.40,0.7105,-1,-1,-1
424,131,1105.71,551.65,43.86,94.56,0.4101,-1,-1,-1
424,135,1013.13,529.08,59.84,116.87,0.5796,-1,-1,-1
424,139,561.14,688.80,146.55,323.53,0.7652,-1,-1,-1
424,142,955.46,527.20,52.18,139.57,0.5572,-1,-1,-1
424,146,1693.17,571.84,70.59,207.37,0.5573,-1,-1,-1
424,149,1538.51,610.28,66.18,169.83,0.6043,-1,-1,-1
424,150,786.61,815.49,109.10,264.88,0.4699,-1,-1,-1
425,115,819.62,862.89,119.85,217.14,0.7476,-1,-1,-1
425,135,995.35,528.29,55.42,121.40,0.5311,-1,-1,-1
425,139,518.76,686.65,150.49,330.41,0.7404,-1,-1,-1
425,142,934.06,526.48,54.34,142.17,0.4811,-1,-1,-1
425,146,1672.38,572.35,73.30,208.48,0.6589,-1,-1,-1
425,149,1520.86,609.05,65.83,169.56,0.6158,-1,-1,-1
425,150,751.86,802.53,107.68,275.01,0.5018,-1,-1,-1
426,115,788.68,868.17,118.33,211.87,0.7128,-1,-1,-1
426,131,1068.73,549.25,44.99,97.54,0.3570,-1,-1,-1
426,135,976.42,527.57,56.52,121.59,0.5633,-1,-1,-1
426,139,481.31,692.95,129.10,328.85,0.6080,-1,-1,-1
426,141,1110.89,545.12,45.13,112.05,0.3401,-1,-1,-1
426,142,916.13,522.65,54.85,145.99,0.5140,-1,-1,-1
426,146,1654.13,577.82,71.72,201.17,0.6671,-1,-1,-1
426,149,1507.31,609.77,61.19,166.83,0.5682,-1,-1,-1
426,150,719.81,816.41,98.93,264.30,0.3794,-1,-1,-1
427,115,753.50,873.69,119.79,206.45,0.4977,-1,-1,-1
427,135,957.65,530.94,53.74,121.00,0.5067,-1,-1,-1
427,139,435.89,697.56,181.91,334.25,0.6912,-1,-1,-1
427,141,1089.52,546.69,48.68,113.18,0.3189,-1,-1,-1
427,142,895.38,527.33,55.67,139.46,0.4801,-1,-1,-1
427,146,1631.45,580.83,75.39,203.70,0.5688,-1,-1,-1
427,149,1488.30,608.19,66.38,171.26,0.5369,-1,-1,-1
427,154,1128.83,541.51,39.57,118.87,0.3212,-1,-1,-1
428,115,717.62,886.01,118.99,193.93,0.5370,-1,-1,-1
428,135,937.48,530.36,56.10,124.30,0.5224,-1,-1,-1
428,139,406.83,700.45,178.51,341.28,0.5711,-1,-1,-1
428,142,866.30,529.08,62.47,142.33,0.5738,-1,-1,-1
428,146,1610.23,583.22,77.24,204.96,0.5802,-1,-1,-1
428,149,1470.19,608.02,65.77,173.15,0.4352,-1,-1,-1
428,150,619.57,833.35,131.60,223.22,0.3237,-1,-1,-1
428,155,1413.32,636.25,80.15,200.03,0.3552,-1,-1,-1
429,115,683.28,894.08,115.89,185.26,0.6580,-1,-1,-1
429,135,918.35,530.70,53.52,125.63,0.4321,-1,-1,-1
429,139,389.94,701.36,127.23,318.98,0.4227,-1,-1,-1
429,141,1054.67,552.80,50.69,119.63,0.3356,-1,-1,-1
429,142,854.50,531.19,52.08,136.70,0.4167,-1,-1,-1
429,146,1582.97,586.90,84.66,203.93,0.4164,-1,-1,-1
429,149,1453.07,610.51,70.77,179.91,0.4652,-1,-1,-1
429,150,581.97,849.02,123.86,208.05,0.4489,-1,-1,-1
429,155,1391.80,623.46,67.26,211.77,0.3097,-1,-1,-1
429,156,651.08,780.14,82.13,146.67,0.4406,-1,-1,-1
430,115,631.02,905.04,130.41,174.63,0.6652,-1,-1,-1
430,135,892.52,531.00,58.44,126.71,0.3252,-1,-1,-1
430,139,321.58,708.98,170.70,334.42,0.7221,-1,-1,-1
430,141,1027.97,555.81,50.66,121.14,0.4406,-1,-1,-1
430,142,825.29,531.29,67.60,136.31,0.3031,-1,-1,-1
430,146,1559.28,587.25,80.45,201.66,0.6544,-1,-1,-1
430,149,1437.76,612.20,70.78,186.13,0.6185,-1,-1,-1
430,150,536.80,860.30,121.26,210.55,0.5320,-1,-1,-1
430,155,1366.98,634.56,83.95,201.39,0.3547,-1,-1,-1
430,156,613.10,791.70,81.38,163.36,0.4113,-1,-1,-1
431,115,613.41,915.89,104.28,163.44,0.5316,-1,-1,-1
431,131,977.66,560.80,37.83,107.88,0.4600,-1,-1,-1
431,139,302.62,713.12,137.78,328.43,0.5726,-1,-1,-1
431,141,1013.55,561.31,46.59,121.47,0.4652,-1,-1,-1
431,142,800.12,543.27,64.34,134.17,0.4177,-1,-1,-1
431,146,1540.72,593.04,84.06,205.73,0.4344,-1,-1,-1
431,149,1412.38,616.21,75.35,183.31,0.4846,-1,-1,-1
431,154,1052.15,562.79,45.35,113.34,0.3066,-1,-1,-1
431,156,560.00,799.89,91.49,176.03,0.3681,-1,-1,-1
432,115,571.86,926.57,103.10,153.20,0.6391,-1,-1,-1
432,131,960.70,563.86,35.84,105.52,0.4745,-1,-1,-1
432,139,246.88,718.59,164.54,346.34,0.3326,-1,-1,-1
432,141,988.57,558.05,52.48,128.87,0.5241,-1,-1,-1
432,146,1515.24,591.65,84.65,206.14,0.6078,-1,-1,-1
432,149,1400.84,618.47,78.67,180.04,0.4413,-1,-1,-1
432,150,439.85,871.49,146.04,207.99,0.5054,-1,-1,-1
432,154,1028.11,556.48,41.24,115.40,0.3699,-1,-1,-1
432,155,1328.58,634.28,81.79,216.28,0.3290,-1,-1,-1
432,156,518.38,805.87,94.85,169.96,0.4851,-1,-1,-1
433,115,525.56,937.90,108.78,142.23,0.6462,-1,-1,-1
433,131,938.71,566.40,34.58,104.64,0.4258,-1,-1,-1
433,139,211.52,725.67,153.75,325.96,0.5648,-1,-1,-1
433,141,963.50,561.92,56.25,131.28,0.4860,-1,-1,-1
433,142,759.10,540.05,59.56,137.74,0.4255,-1,-1,-1
433,146,1496.71,596.39,93.01,211.41,0.5098,-1,-1,-1
433,149,1380.31,626.87,81.29,179.57,0.3765,-1,-1,-1
433,150,328.62,870.38,210.04,209.39,0.6784,-1,-1,-1
433,155,1310.63,653.05,76.43,203.55,0.3046,-1,-1,-1
433,156,480.98,813.70,85.27,158.82,0.5408,-1,-1,-1
434,115,481.96,948.54,106.84,128.98,0.6239,-1,-1,-1
434,139,165.73,729.67,96.94,339.37,0.6667,-1,-1,-1
434,141,937.90,561.94,60.38,130.75,0.5065,-1,-1,-1
434,142,739.27,538.34,59.60,135.35,0.3649,-1,-1,-1
434,146,1475.69,594.28,77.16,210.67,0.5550,-1,-1,-1
434,149,1359.68,625.93,88.47,183.10,0.5637,-1,-1,-1
434,150,296.07,880.16,195.26,199.95,0.7393,-1,-1,-1
434,155,1283.25,629.22,94.33,227.79,0.4436,-1,-1,-1
434,156,434.16,818.65,92.74,172.49,0.5505,-1,-1,-1
435,115,429.71,961.30,111.92,118.10,0.6150,-1,-1,-1
435,139,113.85,735.27,99.68,342.09,0.6873,-1,-1,-1
435,141,924.16,564.88,56.23,132.51,0.3001,-1,-1,-1
435,142,717.68,542.67,63.22,132.80,0.3425,-1,-1,-1
435,146,1455.06,599.65,74.87,208.94,0.5298,-1,-1,-1
435,149,1342.90,629.61,82.71,180.84,0.5609,-1,-1,-1
435,150,265.73,888.94,178.11,191.16,0.7124,-1,-1,-1
435,155,1265.40,638.84,85.86,226.70,0.4014,-1,-1,-1
435,156,388.38,826.70,102.95,168.89,0.5314,-1,-1,-1
436,115,379.83,968.15,112.32,111.69,0.5863,-1,-1,-1
436,139,58.33,735.33,107.65,343.08,0.7330,-1,-1,-1
436,141,897.94,565.33,58.39,130.63,0.4337,-1,-1,-1
436,142,694.68,542.52,56.35,134.11,0.4105,-1,-1,-1
436,146,1431.18,600.93,74.16,208.51,0.6335,-1,-1,-1
436,149,1323.45,631.56,87.54,181.43,0.6079,-1,-1,-1
436,150,237.41,893.86,154.92,186.12,0.7745,-1,-1,-1
436,154,944.71,555.09,41.53,128.88,0.4440,-1,-1,-1
436,155,1240.08,638.86,83.25,231.18,0.5580,-1,-1,-1
436,156,339.60,832.46,97.92,177.25,0.5250,-1,-1,-1
436,158,873.44,567.95,34.56,113.58,0.3414,-1,-1,-1
437,115,329.19,977.41,98.90,101.17,0.5183,-1,-1,-1
437,139,2.79,739.16,133.50,340.97,0.7426,-1,-1,-1
437,141,880.31,567.82,54.11,130.33,0.4127,-1,-1,-1
437,142,673.73,549.44,61.20,131.96,0.3874,-1,-1,-1
437,146,1410.08,600.05,66.70,208.71,0.5367,-1,-1,-1
437,149,1300.89,632.95,89.35,182.64,0.6758,-1,-1,-1
437,150,182.34,904.32,160.45,175.76,0.7789,-1,-1,-1
437,154,922.23,559.22,45.08,129.57,0.5288,-1,-1,-1
437,155,1224.43,645.36,74.31,232.39,0.5706,-1,-1,-1
437,156,291.16,844.53,96.58,173.03,0.5842,-1,-1,-1
437,158,845.64,568.19,39.57,118.94,0.3731,-1,-1,-1
438,115,269.29,993.50,91.51,85.86,0.4964,-1,-1,-1
438,139,-9.18,732.66,70.37,295.47,0.4103,-1,-1,-1
438,141,858.44,567.23,56.36,133.04,0.4911,-1,-1,-1
438,142,650.05,547.33,62.57,133.61,0.5398,-1,-1,-1
438,146,1385.39,596.27,67.03,208.25,0.6426,-1,-1,-1
438,149,1282.84,630.76,82.60,184.84,0.5936,-1,-1,-1
438,150,125.88,913.39,156.98,166.67,0.7473,-1,-1,-1
438,155,1205.49,644.46,73.58,237.43,0.5704,-1,-1,-1
438,156,242.51,839.18,96.49,191.34,0.4770,-1,-1,-1
439,115,208.56,1002.31,97.99,76.90,0.5590,-1,-1,-1
439,141,834.99,567.44,53.83,134.43,0.4638,-1,-1,-1
439,142,627.76,548.41,61.21,134.96,0.4494,-1,-1,-1
439,146,1361.26,599.30,66.02,210.41,0.6038,-1,-1,-1
439,149,1264.14,631.96,76.29,182.98,0.5901,-1,-1,-1
439,150,66.92,921.61,154.43,158.42,0.7723,-1,-1,-1
439,154,881.62,560.25,41.47,123.31,0.3217,-1,-1,-1
439,155,1179.06,646.19,87.51,240.52,0.6064,-1,-1,-1
440,115,148.63,1014.81,103.42,65.32,0.3626,-1,-1,-1
440,141,813.49,569.13,51.88,136.60,0.4419,-1,-1,-1
440,142,602.63,553.13,49.28,128.28,0.6285,-1,-1,-1
440,146,1335.57,600.50,69.03,208.99,0.6070,-1,-1,-1
440,149,1243.08,634.39,79.15,191.22,0.5396,-1,-1,-1
440,150,1.63,931.93,161.10,148.14,0.7368,-1,-1,-1
440,155,1151.59,655.43,93.79,238.83,0.6821,-1,-1,-1
440,156,133.83,862.60,95.92,183.12,0.4745,-1,-1,-1
440,159,671.87,545.29,53.31,133.68,0.3846,-1,-1,-1
441,141,793.16,568.20,49.53,137.12,0.3847,-1,-1,-1
441,142,580.17,547.92,52.83,133.26,0.5486,-1,-1,-1
441,146,1307.37,598.50,72.79,219.63,0.5848,-1,-1,-1
441,149,1224.52,633.29,72.80,196.04,0.5350,-1,-1,-1
441,150,-4.66,942.57,93.28,137.60,0.5770,-1,-1,-1
441,154,836.56,561.64,44.58,132.04,0.4579,-1,-1,-1
441,155,1128.00,657.03,97.83,239.37,0.7630,-1,-1,-1
441,156,75.46,872.96,109.46,204.00,0.4315,-1,-1,-1
441,158,759.39,566.82,37.93,128.01,0.3928,-1,-1,-1
441,159,645.97,538.43,56.27,138.39,0.3379,-1,-1,-1
442,141,769.61,567.90,49.09,138.97,0.4436,-1,-1,-1
442,142,555.12,549.84,51.05,130.38,0.5147,-1,-1,-1
442,146,1285.33,600.67,69.24,215.29,0.6018,-1,-1,-1
442,149,1207.72,636.96,70.67,194.18,0.5192,-1,-1,-1
442,154,813.02,564.75,46.88,129.66,0.3317,-1,-1,-1
442,155,1101.26,670.43,100.84,228.91,0.7682,-1,-1,-1
442,156,5.04,880.17,122.58,198.68,0.6595,-1,-1,-1
442,158,737.41,570.27,35.21,130.74,0.4355,-1,-1,-1
442,159,621.20,536.25,59.95,144.27,0.3751,-1,-1,-1
443,141,747.32,570.03,47.68,137.70,0.3591,-1,-1,-1
443,142,530.74,568.67,46.44,115.86,0.5186,-1,-1,-1
443,146,1256.14,603.23,72.42,221.02,0.5905,-1,-1,-1
443,149,1185.52,636.85,72.61,198.02,0.6803,-1,-1,-1
443,155,1078.93,675.17,108.34,225.85,0.7825,-1,-1,-1
443,158,713.16,571.26,36.33,133.21,0.4566,-1,-1,-1
443,159,594.80,524.97,64.35,152.03,0.3990,-1,-1,-1
444,141,721.85,567.97,49.13,140.81,0.3354,-1,-1,-1
444,142,504.36,567.01,45.68,116.83,0.5784,-1,-1,-1
444,146,1230.36,604.51,75.13,216.50,0.6595,-1,-1,-1
444,149,1162.81,638.81,73.85,196.71,0.7124,-1,-1,-1
444,154,771.60,566.53,45.30,130.25,0.3312,-1,-1,-1
444,155,1051.19,676.87,105.95,231.27,0.7158,-1,-1,-1
444,158,690.28,572.94,36.20,131.95,0.3760,-1,-1,-1
445,141,699.55,569.21,46.99,139.76,0.3693,-1,-1,-1
445,142,480.34,570.77,44.68,119.38,0.5718,-1,-1,-1
445,146,1203.93,601.96,67.75,223.59,0.6144,-1,-1,-1
445,149,1138.98,637.04,76.50,204.13,0.6517,-1,-1,-1
445,154,742.64,566.88,46.58,133.15,0.3651,-1,-1,-1
445,155,1026.82,676.84,98.19,235.00,0.7714,-1,-1,-1
445,158,664.62,573.43,36.99,136.46,0.4711,-1,-1,-1
446,141,673.85,567.75,47.98,143.77,0.4169,-1,-1,-1
446,142,453.13,570.37,47.66,119.36,0.5701,-1,-1,-1
446,146,1180.07,603.57,74.65,221.87,0.6724,-1,-1,-1
446,149,1116.50,641.04,75.13,200.05,0.6798,-1,-1,-1
446,155,998.58,675.47,97.07,242.70,0.7730,-1,-1,-1
446,158,639.78,573.12,38.35,136.59,0.3513,-1,-1,-1
446,160,523.58,515.13,60.75,161.91,0.4142,-1,-1,-1
447,142,426.10,572.89,47.76,118.03,0.5538,-1,-1,-1
447,146,1153.94,600.96,72.42,224.03,0.6953,-1,-1,-1
447,149,1088.36,644.76,76.77,202.79,0.6834,-1,-1,-1
447,155,974.19,671.19,92.53,252.56,0.6439,-1,-1,-1
447,158,616.05,572.89,41.32,138.21,0.3543,-1,-1,-1
447,160,497.80,516.07,61.87,159.86,0.3601,-1,-1,-1
447,161,1027.86,616.69,63.84,201.39,0.4357,-1,-1,-1
448,142,398.41,574.50,49.33,116.31,0.4296,-1,-1,-1
448,146,1125.65,604.46,66.78,220.01,0.6608,-1,-1,-1
448,149,1067.65,639.76,73.73,204.45,0.6315,-1,-1,-1
448,155,941.44,670.21,94.15,255.17,0.6800,-1,-1,-1
448,160,478.80,517.88,56.21,160.50,0.3581,-1,-1,-1
448,161,998.77,611.54,67.69,166.24,0.3890,-1,-1,-1
449,142,369.00,568.37,55.01,121.60,0.6232,-1,-1,-1
449,146,1098.43,606.24,62.88,219.70,0.5668,-1,-1,-1
449,149,1040.50,639.26,80.15,209.05,0.6349,-1,-1,-1
449,154,652.06,561.50,45.74,136.19,0.3426,-1,-1,-1
449,155,911.62,670.36,109.35,268.75,0.6896,-1,-1,-1
449,160,449.11,505.32,66.31,172.15,0.3373,-1,-1,-1
450,142,339.40,567.59,54.81,122.24,0.5484,-1,-1,-1
450,146,1071.53,606.53,60.07,220.07,0.4625,-1,-1,-1
450,149,1021.14,642.27,70.49,201.98,0.5216,-1,-1,-1
450,155,881.12,675.87,96.12,257.34,0.6483,-1,-1,-1
450,161,943.09,615.64,71.03,210.19,0.4250,-1,-1,-1
450,162,1834.11,776.99,85.11,302.58,0.7835,-1,-1,-1
451,142,313.74,565.61,51.69,123.26,0.3530,-1,-1,-1
451,146,1038.65,608.42,60.63,228.76,0.3174,-1,-1,-1
451,149,988.44,635.59,86.96,215.41,0.5234,-1,-1,-1
451,155,849.28,683.91,89.81,268.87,0.7650,-1,-1,-1
451,161,916.63,617.05,69.88,216.08,0.4352,-1,-1,-1
451,162,1803.40,774.37,116.19,304.55,0.8401,-1,-1,-1
452,142,284.34,567.79,46.31,123.63,0.4945,-1,-1,-1
452,149,965.29,615.08,87.02,237.55,0.4451,-1,-1,-1
452,155,817.29,688.09,103.86,270.85,0.8028,-1,-1,-1
452,158,486.25,567.45,40.10,148.50,0.3986,-1,-1,-1
452,161,895.55,619.71,64.53,216.94,0.3655,-1,-1,-1
452,162,1771.91,774.21,147.39,303.31,0.8553,-1,-1,-1
453,142,251.81,569.86,51.52,124.12,0.3510,-1,-1,-1
453,149,940.64,617.43,90.23,238.03,0.5614,-1,-1,-1
453,155,785.99,693.32,105.56,267.42,0.7357,-1,-1,-1
453,158,459.17,567.12,40.89,153.66,0.3806,-1,-1,-1
453,162,1739.97,773.57,179.23,305.03,0.8488,-1,-1,-1
454,142,224.88,571.66,51.21,124.08,0.3433,-1,-1,-1
454,149,915.10,613.02,80.69,246.58,0.6743,-1,-1,-1
454,154,525.49,561.63,52.84,140.59,0.3214,-1,-1,-1
454,155,749.21,695.76,103.65,271.24,0.7773,-1,-1,-1
454,158,429.15,570.55,43.35,156.23,0.4400,-1,-1,-1
454,161,841.65,616.91,64.54,217.61,0.4261,-1,-1,-1
454,162,1710.19,771.22,184.74,308.37,0.8562,-1,-1,-1
455,149,887.72,618.05,80.62,247.25,0.7287,-1,-1,-1
455,154,500.73,564.49,46.21,143.35,0.3968,-1,-1,-1
455,155,715.58,699.18,99.23,273.75,0.7854,-1,-1,-1
455,158,402.27,571.62,44.16,158.78,0.4812,-1,-1,-1
455,161,814.39,630.22,61.53,219.02,0.6826,-1,-1,-1
455,162,1679.79,772.44,186.50,307.48,0.8523,-1,-1,-1
456,149,860.53,613.70,77.31,250.47,0.6912,-1,-1,-1
456,154,475.87,560.68,46.20,146.51,0.4926,-1,-1,-1
456,155,678.89,694.97,90.20,293.89,0.7836,-1,-1,-1
456,158,373.33,572.15,41.83,161.71,0.3424,-1,-1,-1
456,161,782.53,628.85,66.75,225.21,0.5982,-1,-1,-1
456,162,1644.94,766.50,190.58,312.42,0.8585,-1,-1,-1
457,149,823.72,623.13,88.17,250.23,0.5786,-1,-1,-1
457,154,442.98,562.45,53.19,145.88,0.4456,-1,-1,-1
457,155,642.50,695.60,89.11,309.04,0.7722,-1,-1,-1
457,158,342.07,568.60,42.58,158.12,0.3937,-1,-1,-1
457,161,755.23,629.51,73.36,228.25,0.6255,-1,-1,-1
457,162,1610.91,760.70,190.26,318.34,0.8524,-1,-1,-1
458,149,794.20,622.54,89.55,256.25,0.7007,-1,-1,-1
458,154,411.05,560.35,57.94,148.51,0.4301,-1,-1,-1
458,155,605.94,700.74,103.06,316.88,0.7407,-1,-1,-1
458,158,311.45,573.09,45.05,163.89,0.4708,-1,-1,-1
458,161,719.87,636.78,70.81,225.41,0.6316,-1,-1,-1
458,162,1576.12,760.36,192.49,318.25,0.8505,-1,-1,-1
458,167,87.16,548.72,64.27,152.74,0.5286,-1,-1,-1
459,149,764.53,671.81,91.70,214.70,0.4768,-1,-1,-1
459,155,563.21,704.21,103.45,324.07,0.7353,-1,-1,-1
459,158,278.77,575.38,48.17,164.66,0.4416,-1,-1,-1
459,161,690.54,646.27,71.03,216.10,0.5329,-1,-1,-1
459,162,1542.03,754.78,192.84,325.17,0.8502,-1,-1,-1
459,167,54.26,556.25,58.44,150.01,0.4968,-1,-1,-1
459,168,238.58,576.80,50.78,160.60,0.3200,-1,-1,-1
460,149,726.62,671.36,97.78,216.54,0.6046,-1,-1,-1
460,154,357.71,567.64,58.59,150.02,0.4218,-1,-1,-1
460,155,517.57,707.29,105.45,335.88,0.7355,-1,-1,-1
460,158,247.00,578.42,47.65,162.22,0.3299,-1,-1,-1
460,161,658.11,649.12,71.98,222.74,0.6612,-1,-1,-1
460,162,1507.34,757.96,192.45,321.90,0.8536,-1,-1,-1
461,149,705.19,640.76,83.79,251.33,0.6979,-1,-1,-1
461,154,328.90,564.04,48.74,154.92,0.3654,-1,-1,-1
461,155,469.97,725.70,109.66,329.47,0.7103,-1,-1,-1
461,158,218.16,580.09,45.61,161.45,0.3329,-1,-1,-1
461,161,622.62,651.68,73.11,228.10,0.6034,-1,-1,-1
461,162,1473.62,761.06,188.05,318.97,0.8649,-1,-1,-1
461,167,-0.50,555.45,34.62,155.60,0.3966,-1,-1,-1
461,168,166.27,584.91,71.84,162.03,0.3411,-1,-1,-1
462,149,669.77,633.71,91.56,263.99,0.5890,-1,-1,-1
462,154,298.55,567.09,53.72,153.35,0.3399,-1,-1,-1
462,155,423.46,734.18,122.95,324.48,0.7560,-1,-1,-1
462,158,183.23,580.16,49.47,168.65,0.4218,-1,-1,-1
462,161,591.40,651.40,73.53,231.46,0.5048,-1,-1,-1
462,162,1440.02,775.33,187.58,304.80,0.8505,-1,-1,-1
462,168,134.84,581.87,62.22,165.16,0.3652,-1,-1,-1
463,149,632.57,648.47,107.65,258.56,0.7212,-1,-1,-1
463,155,380.17,740.80,127.38,327.98,0.7758,-1,-1,-1
463,158,141.69,587.66,61.59,164.19,0.3593,-1,-1,-1
463,161,554.00,652.63,77.78,235.55,0.5829,-1,-1,-1
463,162,1404.82,790.84,185.15,289.29,0.8486,-1,-1,-1
463,168,94.72,619.24,62.96,133.08,0.3795,-1,-1,-1
464,149,597.53,644.41,109.00,266.16,0.6788,-1,-1,-1
464,155,330.47,750.27,142.19,327.14,0.6680,-1,-1,-1
464,158,105.61,589.43,60.62,167.83,0.3384,-1,-1,-1
464,161,518.28,658.27,88.61,236.45,0.5353,-1,-1,-1
464,162,1370.43,804.28,186.03,275.79,0.8722,-1,-1,-1
465,149,556.80,647.75,114.33,268.03,0.7090,-1,-1,-1
465,155,278.43,749.19,159.98,330.87,0.7200,-1,-1,-1
465,161,484.06,655.66,87.44,240.94,0.6626,-1,-1,-1
465,162,1334.77,819.46,185.93,260.62,0.8568,-1,-1,-1
466,149,527.55,684.50,107.51,243.58,0.6716,-1,-1,-1
466,154,169.51,554.91,69.87,182.28,0.3155,-1,-1,-1
466,155,221.43,758.33,173.30,321.89,0.8048,-1,-1,-1
466,158,26.93,593.25,69.65,169.22,0.3247,-1,-1,-1
466,161,444.36,650.51,96.26,252.80,0.6196,-1,-1,-1
466,162,1300.60,829.92,185.21,250.14,0.8279,-1,-1,-1
467,149,488.26,684.14,113.80,249.62,0.6665,-1,-1,-1
467,154,132.59,560.01,76.50,180.43,0.3775,-1,-1,-1
467,155,168.62,763.60,177.00,316.50,0.8410,-1,-1,-1
467,161,403.91,663.69,105.88,249.52,0.5689,-1,-1,-1
467,162,1268.98,840.00,181.38,239.06,0.7981,-1,-1,-1
468,149,453.49,698.33,106.12,240.83,0.6066,-1,-1,-1
468,154,109.73,577.50,62.25,171.11,0.3263,-1,-1,-1
468,155,110.66,764.13,184.11,314.17,0.8536,-1,-1,-1
468,161,371.81,664.37,83.40,252.54,0.3703,-1,-1,-1
468,162,1235.58,850.27,178.99,229.74,0.8419,-1,-1,-1
469,149,411.36,697.23,112.94,245.66,0.5592,-1,-1,-1
469,155,49.87,774.28,190.44,304.14,0.8414,-1,-1,-1
469,161,331.36,666.68,73.49,240.00,0.5330,-1,-1,-1
469,162,1205.15,855.71,171.66,223.70,0.8573,-1,-1,-1
470,149,372.69,699.36,112.02,251.77,0.6652,-1,-1,-1
470,155,0.62,775.34,181.88,304.66,0.8448,-1,-1,-1
470,161,288.47,661.45,104.67,267.35,0.5168,-1,-1,-1
470,162,1169.99,854.30,172.09,225.62,0.8428,-1,-1,-1
471,149,338.47,698.48,108.83,256.01,0.6806,-1,-1,-1
471,155,-7.32,784.15,128.48,292.32,0.7705,-1,-1,-1
471,161,250.06,659.62,96.24,277.77,0.5281,-1,-1,-1
471,162,1131.13,851.75,173.40,227.80,0.8499,-1,-1,-1
472,149,297.26,698.02,108.89,257.57,0.6604,-1,-1,-1
472,161,211.06,652.09,111.17,284.22,0.5760,-1,-1,-1
472,162,1091.81,850.28,175.20,229.64,0.8267,-1,-1,-1
473,149,260.82,698.12,104.21,262.27,0.6885,-1,-1,-1
473,161,167.04,659.73,111.27,288.15,0.5628,-1,-1,-1
473,162,1051.66,850.26,178.71,229.70,0.8491,-1,-1,-1
474,149,220.94,703.62,98.25,260.17,0.6903,-1,-1,-1
474,161,124.27,656.22,112.98,292.55,0.6520,-1,-1,-1
474,162,1010.85,849.99,183.19,229.97,0.8508,-1,-1,-1
475,149,177.35,701.07,99.55,270.97,0.7059,-1,-1,-1
475,161,79.36,664.95,97.61,289.29,0.5921,-1,-1,-1
475,162,970.76,850.37,178.18,229.10,0.8338,-1,-1,-1
476,149,126.86,704.95,111.03,272.74,0.7533,-1,-1,-1
476,161,27.96,685.10,103.31,272.17,0.6379,-1,-1,-1
476,162,928.89,859.56,170.86,220.56,0.7548,-1,-1,-1
477,149,78.23,704.27,112.98,281.88,0.7144,-1,-1,-1
477,161,-4.78,712.19,81.05,244.78,0.3805,-1,-1,-1
477,162,885.43,864.11,193.55,215.94,0.6598,-1,-1,-1
478,149,33.10,711.22,94.74,251.95,0.3684,-1,-1,-1
478,162,840.86,869.85,195.15,210.18,0.7546,-1,-1,-1
479,162,795.04,883.51,192.64,196.87,0.6746,-1,-1,-1
480,162,749.56,891.77,190.72,188.36,0.6640,-1,-1,-1
481,162,704.42,879.90,185.35,199.83,0.7855,-1,-1,-1
482,162,691.99,877.12,150.18,202.76,0.7741,-1,-1,-1
482,172,1827.57,656.98,89.74,234.26,0.6723,-1,-1,-1
483,162,612.88,876.96,175.18,202.61,0.8149,-1,-1,-1
483,172,1789.90,656.77,98.80,236.50,0.7170,-1,-1,-1
483,173,1719.39,648.82,81.82,140.30,0.4869,-1,-1,-1
484,162,560.20,875.90,176.88,203.39,0.8335,-1,-1,-1
484,172,1749.16,655.63,96.20,241.02,0.6562,-1,-1,-1
484,173,1681.78,653.22,77.25,270.65,0.4630,-1,-1,-1
485,162,509.38,878.02,173.54,201.41,0.8322,-1,-1,-1
485,172,1708.52,657.91,90.68,237.10,0.6314,-1,-1,-1
485,173,1638.14,630.39,89.10,184.55,0.5513,-1,-1,-1
486,162,457.83,879.92,173.15,198.15,0.8497,-1,-1,-1
486,172,1670.03,654.89,84.20,208.95,0.6011,-1,-1,-1
486,173,1595.50,639.57,88.86,198.04,0.4136,-1,-1,-1
487,162,403.34,890.72,173.40,188.18,0.8557,-1,-1,-1
487,172,1629.32,658.68,83.67,205.67,0.3948,-1,-1,-1
487,173,1556.49,653.42,78.93,282.27,0.3261,-1,-1,-1
488,162,350.13,902.88,172.89,176.35,0.8582,-1,-1,-1
488,172,1585.25,655.60,84.19,163.03,0.3911,-1,-1,-1
488,173,1507.25,638.03,96.40,264.94,0.3613,-1,-1,-1
489,162,302.88,917.61,165.88,161.05,0.8445,-1,-1,-1
489,172,1550.09,659.92,72.19,145.57,0.3816,-1,-1,-1
489,173,1452.64,649.04,105.14,249.48,0.6564,-1,-1,-1
490,162,255.87,930.14,155.58,149.01,0.8214,-1,-1,-1
490,172,1506.34,667.70,74.24,140.06,0.4470,-1,-1,-1
490,173,1407.44,659.64,107.89,242.00,0.6961,-1,-1,-1
491,162,206.74,946.18,151.20,133.93,0.8063,-1,-1,-1
491,172,1453.68,673.35,84.91,138.43,0.3424,-1,-1,-1
491,173,1365.66,663.99,101.01,242.28,0.7025,-1,-1,-1
492,162,155.05,951.49,149.00,128.48,0.8022,-1,-1,-1
492,172,1412.18,678.67,87.62,139.95,0.3353,-1,-1,-1
492,173,1329.85,667.19,96.54,244.68,0.6259,-1,-1,-1
493,162,99.77,959.14,151.09,120.86,0.8062,-1,-1,-1
493,172,1372.45,678.65,80.92,136.66,0.3803,-1,-1,-1
493,173,1291.32,667.48,89.60,252.38,0.6423,-1,-1,-1
494,162,40.99,965.02,147.87,114.96,0.7975,-1,-1,-1
494,172,1328.43,683.09,79.80,140.82,0.4807,-1,-1,-1
494,173,1255.06,671.62,79.08,259.24,0.6540,-1,-1,-1
495,162,-0.07,965.69,129.23,114.11,0.8047,-1,-1,-1
495,172,1284.88,688.88,77.27,142.74,0.4730,-1,-1,-1
495,173,1217.17,677.05,66.19,260.26,0.5880,-1,-1,-1
496,162,-5.15,966.55,58.74,113.16,0.5919,-1,-1,-1
496,173,1173.70,681.67,68.27,268.33,0.6292,-1,-1,-1
497,173,1128.57,680.40,64.80,268.36,0.5991,-1,-1,-1
498,173,1078.56,678.92,72.96,272.13,0.6583,-1,-1,-1
498,174,1131.53,689.99,94.15,253.53,0.4747,-1,-1,-1
499,173,1029.07,680.53,74.93,271.71,0.6608,-1,-1,-1
499,174,1099.48,687.71,87.46,260.86,0.5535,-1,-1,-1
500,173,980.54,678.24,82.44,271.48,0.7314,-1,-1,-1
500,174,1054.32,686.94,83.87,256.93,0.6235,-1,-1,-1
501,173,931.85,680.38,91.91,273.81,0.7282,-1,-1,-1
501,174,1009.19,687.67,84.92,270.17,0.6590,-1,-1,-1
502,173,882.63,680.64,94.32,271.17,0.6859,-1,-1,-1
502,174,963.27,685.58,81.02,273.38,0.5906,-1,-1,-1
503,173,834.78,682.86,98.06,268.04,0.6909,-1,-1,-1
503,174,915.40,683.72,79.92,270.51,0.5857,-1,-1,-1
504,173,785.44,682.16,99.24,274.56,0.7613,-1,-1,-1
504,174,872.94,687.21,80.09,277.76,0.5891,-1,-1,-1
504,175,1828.87,646.46,84.40,170.59,0.7213,-1,-1,-1
505,173,736.44,683.08,100.12,289.17,0.7849,-1,-1,-1
505,174,826.81,693.22,81.88,297.35,0.5896,-1,-1,-1
505,175,1795.89,645.22,81.22,176.69,0.6050,-1,-1,-1
506,173,686.32,688.87,92.72,294.17,0.7063,-1,-1,-1
506,174,770.36,696.75,91.12,299.60,0.5742,-1,-1,-1
506,175,1764.94,655.08,77.20,167.26,0.6666,-1,-1,-1
506,176,1845.93,658.31,60.63,179.20,0.6141,-1,-1,-1
507,173,639.32,692.59,88.31,292.01,0.7606,-1,-1,-1
507,174,687.34,701.87,120.20,312.40,0.7068,-1,-1,-1
507,175,1738.71,656.45,67.80,165.52,0.6425,-1,-1,-1
507,176,1812.30,653.24,80.32,182.15,0.7320,-1,-1,-1
508,173,592.55,698.95,83.56,295.14,0.7602,-1,-1,-1
508,174,638.83,711.25,121.15,324.64,0.7299,-1,-1,-1
508,175,1700.41,655.70,76.11,167.56,0.5621,-1,-1,-1
508,176,1779.02,660.84,77.30,178.91,0.6041,-1,-1,-1
509,173,542.95,708.41,79.94,304.28,0.6886,-1,-1,-1
509,174,593.85,717.00,112.40,320.33,0.7480,-1,-1,-1
509,175,1667.24,665.88,76.94,169.32,0.6941,-1,-1,-1
509,176,1744.35,660.36,75.57,180.78,0.7211,-1,-1,-1
509,177,1730.90,562.66,40.88,103.30,0.5364,-1,-1,-1
510,173,487.69,711.48,86.69,305.14,0.6367,-1,-1,-1
510,174,549.09,724.32,105.76,328.76,0.6782,-1,-1,-1
510,175,1637.63,670.27,70.05,167.65,0.6838,-1,-1,-1
510,176,1709.78,667.57,75.01,181.40,0.6902,-1,-1,-1
511,173,433.68,719.41,88.43,296.84,0.6165,-1,-1,-1
511,174,496.79,734.03,106.34,327.15,0.7495,-1,-1,-1
511,175,1597.84,672.68,71.94,169.58,0.7165,-1,-1,-1
511,176,1676.41,668.35,69.16,182.76,0.7264,-1,-1,-1
512,173,379.55,728.62,87.18,312.32,0.5389,-1,-1,-1
512,174,417.37,744.30,136.17,318.90,0.7187,-1,-1,-1
512,175,1558.87,670.66,79.38,179.06,0.7047,-1,-1,-1
512,176,1640.26,672.93,75.51,184.78,0.6744,-1,-1,-1
513,173,278.06,733.62,132.32,315.76,0.6430,-1,-1,-1
513,174,373.43,748.99,124.98,330.67,0.7005,-1,-1,-1
513,175,1523.86,670.75,82.59,179.40,0.7514,-1,-1,-1
513,176,1607.55,672.18,67.94,189.71,0.6596,-1,-1,-1
513,178,1620.10,566.97,35.77,107.22,0.3501,-1,-1,-1
514,173,207.51,740.56,146.57,323.31,0.5430,-1,-1,-1
514,174,309.67,753.72,132.21,325.16,0.7654,-1,-1,-1
514,175,1493.67,675.63,75.07,179.05,0.6380,-1,-1,-1
514,176,1568.39,672.24,79.33,197.26,0.6805,-1,-1,-1
514,178,1591.13,569.15,35.88,113.04,0.5217,-1,-1,-1
515,173,150.49,749.81,153.94,326.98,0.3857,-1,-1,-1
515,174,261.72,759.48,125.54,319.70,0.6420,-1,-1,-1
515,175,1463.58,673.85,73.32,179.78,0.7028,-1,-1,-1
515,176,1537.25,673.49,70.01,198.96,0.6554,-1,-1,-1
515,178,1561.99,570.28,39.77,111.76,0.6315,-1,-1,-1
516,173,101.03,752.91,130.34,327.77,0.3563,-1,-1,-1
516,174,204.32,763.68,118.34,313.34,0.6316,-1,-1,-1
516,175,1430.70,674.03,71.75,179.30,0.7503,-1,-1,-1
516,176,1505.03,679.05,72.12,198.56,0.6131,-1,-1,-1
516,178,1535.89,571.39,38.97,112.77,0.6467,-1,-1,-1
517,173,73.98,751.22,87.81,273.04,0.3544,-1,-1,-1
517,174,109.61,769.55,158.52,309.82,0.7482,-1,-1,-1
517,175,1395.76,673.07,76.42,185.18,0.6918,-1,-1,-1
517,176,1473.07,673.18,74.60,201.17,0.6680,-1,-1,-1
517,178,1508.18,571.44,38.96,108.37,0.6152,-1,-1,-1
517,180,1850.61,731.16,68.53,277.01,0.6684,-1,-1,-1
518,173,8.67,761.76,98.21,306.39,0.4854,-1,-1,-1
518,174,63.62,777.48,138.32,302.84,0.6758,-1,-1,-1
518,175,1358.08,676.04,83.97,184.77,0.5467,-1,-1,-1
518,176,1443.78,681.93,53.67,191.79,0.6109,-1,-1,-1
518,178,1479.60,571.76,40.59,106.38,0.5770,-1,-1,-1
518,180,1822.05,731.64,91.75,274.57,0.6593,-1,-1,-1
519,174,1.05,784.74,148.82,295.03,0.8029,-1,-1,-1
519,175,1321.04,675.70,87.05,186.69,0.6924,-1,-1,-1
519,176,1411.65,677.31,60.59,194.59,0.6635,-1,-1,-1
519,178,1451.99,568.32,43.95,106.76,0.5473,-1,-1,-1
519,180,1778.29,732.44,106.63,271.75,0.7417,-1,-1,-1
520,174,-17.90,790.34,85.24,289.00,0.3791,-1,-1,-1
520,175,1287.83,675.73,87.30,188.43,0.7500,-1,-1,-1
520,176,1375.17,677.10,76.84,196.93,0.7171,-1,-1,-1
520,178,1427.52,570.48,42.41,102.43,0.5412,-1,-1,-1
520,180,1749.38,733.36,102.34,274.12,0.5995,-1,-1,-1
521,175,1253.74,681.88,88.63,183.41,0.7217,-1,-1,-1
521,176,1349.05,679.20,69.19,203.46,0.7112,-1,-1,-1
521,178,1401.55,570.60,43.23,101.61,0.5579,-1,-1,-1
521,180,1710.39,731.63,109.21,276.21,0.5822,-1,-1,-1
522,175,1226.56,680.23,81.08,185.07,0.7215,-1,-1,-1
522,176,1315.40,677.36,66.98,202.63,0.6762,-1,-1,-1
522,178,1375.53,569.61,47.42,101.32,0.5403,-1,-1,-1
522,180,1661.56,731.76,122.04,277.82,0.3797,-1,-1,-1
523,175,1194.89,684.95,77.28,180.68,0.7331,-1,-1,-1
523,176,1280.42,679.46,74.66,206.21,0.7021,-1,-1,-1
523,178,1350.70,569.20,51.62,101.90,0.5400,-1,-1,-1
523,180,1643.19,729.09,114.52,269.03,0.6685,-1,-1,-1
524,175,1166.50,687.19,75.15,185.07,0.7118,-1,-1,-1
524,176,1250.61,681.99,73.26,206.45,0.7239,-1,-1,-1
524,178,1323.75,570.65,53.92,100.71,0.5656,-1,-1,-1
524,180,1611.59,726.39,111.20,275.74,0.6905,-1,-1,-1
525,175,1133.94,680.72,70.81,194.59,0.6775,-1,-1,-1
525,176,1214.84,677.65,73.80,213.97,0.6373,-1,-1,-1
525,178,1299.95,569.92,53.34,101.66,0.5810,-1,-1,-1
525,180,1578.58,728.07,114.91,274.60,0.7927,-1,-1,-1
526,175,1100.47,685.79,71.35,195.42,0.7436,-1,-1,-1
526,176,1176.81,678.23,82.12,220.07,0.7257,-1,-1,-1
526,178,1276.24,573.10,48.73,99.25,0.5844,-1,-1,-1
526,180,1544.80,723.41,115.36,276.73,0.7742,-1,-1,-1
527,175,1072.08,684.29,69.56,195.71,0.6846,-1,-1,-1
527,176,1142.99,682.40,81.30,219.73,0.6787,-1,-1,-1
527,178,1254.06,573.16,46.65,99.28,0.5493,-1,-1,-1
527,180,1514.39,722.88,112.40,273.83,0.5372,-1,-1,-1
528,175,1037.08,686.16,71.33,202.43,0.6997,-1,-1,-1
528,176,1108.92,685.47,85.80,223.27,0.7574,-1,-1,-1
528,178,1229.93,572.60,49.51,100.27,0.6030,-1,-1,-1
528,180,1477.90,726.40,116.67,269.26,0.7009,-1,-1,-1
529,175,1003.23,687.93,74.30,209.08,0.7331,-1,-1,-1
529,176,1063.20,688.76,99.23,227.90,0.7584,-1,-1,-1
529,178,1207.26,572.30,47.96,101.13,0.5896,-1,-1,-1
529,180,1440.47,727.38,122.73,276.30,0.6292,-1,-1,-1
530,175,968.97,697.78,75.85,209.21,0.6681,-1,-1,-1
530,176,1030.63,691.48,100.44,229.96,0.6775,-1,-1,-1
530,178,1184.11,572.75,45.68,100.69,0.6145,-1,-1,-1
530,180,1409.88,729.64,125.88,286.97,0.7403,-1,-1,-1
531,175,936.16,699.68,76.64,205.70,0.6237,-1,-1,-1
531,176,995.81,697.64,106.43,230.78,0.7042,-1,-1,-1
531,178,1162.78,570.43,44.65,102.90,0.6201,-1,-1,-1
531,180,1380.24,726.75,129.84,292.63,0.8185,-1,-1,-1
532,175,896.69,703.12,85.66,212.19,0.6622,-1,-1,-1
532,176,962.32,703.54,106.44,238.43,0.6895,-1,-1,-1
532,178,1142.91,571.00,44.23,105.79,0.6682,-1,-1,-1
532,180,1353.34,734.16,135.35,290.59,0.7072,-1,-1,-1
533,175,859.85,707.78,86.28,208.66,0.6865,-1,-1,-1
533,176,938.97,702.35,98.79,242.25,0.7112,-1,-1,-1
533,178,1118.69,569.68,46.25,107.67,0.6541,-1,-1,-1
533,180,1328.64,736.30,112.59,292.58,0.7369,-1,-1,-1
534,175,834.08,704.66,83.35,212.46,0.6525,-1,-1,-1
534,176,913.88,706.11,93.97,233.09,0.7622,-1,-1,-1
534,178,1097.90,570.81,44.29,109.14,0.6534,-1,-1,-1
534,180,1300.71,738.00,111.76,293.35,0.7131,-1,-1,-1
535,175,803.23,705.40,82.08,223.29,0.6751,-1,-1,-1
535,176,882.47,707.87,89.56,243.81,0.7502,-1,-1,-1
535,178,1076.16,569.76,42.30,110.50,0.6551,-1,-1,-1
535,180,1275.96,739.61,110.41,293.96,0.7396,-1,-1,-1
536,175,770.83,705.83,75.98,228.10,0.6747,-1,-1,-1
536,176,845.24,706.60,93.99,251.49,0.8327,-1,-1,-1
536,178,1057.81,575.28,43.29,108.02,0.5825,-1,-1,-1
536,180,1251.15,738.37,108.09,293.10,0.7715,-1,-1,-1
537,175,738.47,704.12,63.96,237.51,0.6369,-1,-1,-1
537,176,818.91,710.14,85.21,252.14,0.7013,-1,-1,-1
537,178,1036.00,576.11,44.03,106.71,0.6602,-1,-1,-1
537,180,1224.45,733.46,104.20,297.60,0.6899,-1,-1,-1
538,175,702.13,708.87,66.61,233.30,0.5697,-1,-1,-1
538,176,777.16,709.82,89.64,260.51,0.6952,-1,-1,-1
538,178,1016.64,578.72,44.25,109.32,0.6525,-1,-1,-1
538,180,1197.23,736.07,104.69,293.87,0.7852,-1,-1,-1
539,175,666.05,714.29,73.22,230.62,0.7134,-1,-1,-1
539,176,744.38,714.37,91.68,268.79,0.7926,-1,-1,-1
539,178,996.19,577.32,43.08,110.41,0.6729,-1,-1,-1
539,180,1171.88,735.10,106.42,296.62,0.7507,-1,-1,-1
540,175,618.47,718.22,92.18,240.27,0.6407,-1,-1,-1
540,176,715.69,717.91,79.31,268.18,0.6594,-1,-1,-1
540,178,977.51,578.48,43.93,112.20,0.6849,-1,-1,-1
540,180,1141.10,738.55,105.48,303.54,0.7527,-1,-1,-1
541,175,570.22,723.13,107.01,248.96,0.7052,-1,-1,-1
541,176,669.72,724.88,101.00,275.10,0.6790,-1,-1,-1
541,178,956.66,579.97,43.56,112.94,0.6275,-1,-1,-1
541,180,1112.94,741.84,102.85,302.26,0.7251,-1,-1,-1
542,175,523.06,725.16,121.88,249.76,0.6912,-1,-1,-1
542,176,632.00,731.45,104.60,273.08,0.7086,-1,-1,-1
542,178,936.89,583.68,47.77,111.49,0.7009,-1,-1,-1
542,180,1068.88,751.67,119.94,312.25,0.6380,-1,-1,-1
543,175,486.88,732.61,129.78,256.21,0.7032,-1,-1,-1
543,176,597.35,736.80,102.07,281.47,0.7804,-1,-1,-1
543,178,916.76,584.35,48.32,110.82,0.6851,-1,-1,-1
543,180,1051.67,752.78,111.63,306.33,0.7283,-1,-1,-1
544,175,450.06,747.37,133.98,259.84,0.7274,-1,-1,-1
544,176,558.62,748.71,106.48,299.40,0.7091,-1,-1,-1
544,178,895.49,585.90,47.06,111.93,0.7090,-1,-1,-1
544,180,1025.55,760.56,110.07,308.88,0.7081,-1,-1,-1
545,175,420.70,746.84,134.66,247.83,0.7176,-1,-1,-1
545,176,526.39,746.97,107.69,294.47,0.7578,-1,-1,-1
545,178,876.73,583.58,50.53,112.29,0.7021,-1,-1,-1
545,180,991.27,755.55,116.22,316.01,0.7430,-1,-1,-1
546,175,388.59,744.92,120.77,259.54,0.7419,-1,-1,-1
546,176,487.28,749.48,111.67,303.39,0.7639,-1,-1,-1
546,178,857.15,585.07,47.95,111.91,0.7116,-1,-1,-1
546,180,971.38,757.53,112.40,309.81,0.6960,-1,-1,-1
547,175,359.90,747.08,101.63,264.14,0.7223,-1,-1,-1
547,176,456.63,753.30,101.15,297.50,0.8201,-1,-1,-1
547,178,837.50,584.53,50.94,112.40,0.7228,-1,-1,-1
547,180,935.02,755.02,123.58,313.61,0.7429,-1,-1,-1
548,175,318.20,751.86,101.18,274.05,0.7353,-1,-1,-1
548,176,415.66,752.85,99.22,305.80,0.7997,-1,-1,-1
548,178,818.39,584.92,52.40,112.25,0.7541,-1,-1,-1
548,180,914.76,761.98,116.39,303.21,0.7660,-1,-1,-1
548,183,890.88,571.10,20.02,56.45,0.3120,-1,-1,-1
549,175,280.43,759.79,102.73,270.65,0.7634,-1,-1,-1
549,176,373.44,758.15,109.48,311.85,0.7927,-1,-1,-1
549,178,796.59,581.84,54.01,113.94,0.7152,-1,-1,-1
549,180,884.11,752.77,122.01,311.85,0.7788,-1,-1,-1
549,183,870.73,570.01,25.97,58.63,0.3527,-1,-1,-1
550,175,242.25,759.11,98.73,283.82,0.7293,-1,-1,-1
550,176,333.57,759.80,118.15,313.28,0.7553,-1,-1,-1
550,178,779.28,583.48,53.05,116.00,0.7180,-1,-1,-1
550,180,861.72,758.28,117.49,309.67,0.7359,-1,-1,-1
551,175,196.88,762.47,99.33,298.67,0.7373,-1,-1,-1
551,176,289.71,765.07,108.52,306.96,0.7213,-1,-1,-1
551,178,760.95,585.37,50.90,116.20,0.6974,-1,-1,-1
551,180,846.54,774.10,108.75,295.27,0.6297,-1,-1,-1
551,183,837.24,562.15,29.76,63.35,0.3846,-1,-1,-1
552,175,155.38,768.79,100.66,307.38,0.6995,-1,-1,-1
552,176,242.11,768.58,114.42,310.36,0.7925,-1,-1,-1
552,178,742.27,584.74,55.54,114.69,0.7550,-1,-1,-1
552,180,803.67,715.42,126.24,360.40,0.7284,-1,-1,-1
553,175,107.35,773.96,102.37,306.33,0.6905,-1,-1,-1
553,176,191.59,777.13,119.12,302.83,0.7402,-1,-1,-1
553,178,723.29,582.26,55.93,118.14,0.7020,-1,-1,-1
553,180,791.95,744.05,117.09,336.63,0.7112,-1,-1,-1
554,175,63.27,782.02,105.29,297.23,0.7074,-1,-1,-1
554,176,141.43,783.05,127.22,297.11,0.7760,-1,-1,-1
554,178,703.62,581.96,56.67,119.46,0.7027,-1,-1,-1
554,180,766.37,758.55,118.70,321.34,0.7557,-1,-1,-1
554,183,786.41,551.93,33.25,74.68,0.3583,-1,-1,-1
555,175,16.65,791.53,108.43,287.42,0.7458,-1,-1,-1
555,176,96.82,797.09,136.92,283.25,0.7606,-1,-1,-1
555,178,688.00,584.73,51.78,118.35,0.7199,-1,-1,-1
555,180,718.65,760.14,142.08,312.51,0.7076,-1,-1,-1
555,183,765.50,545.67,39.37,79.32,0.4226,-1,-1,-1
556,175,-2.75,798.13,73.02,282.21,0.6618,-1,-1,-1
556,176,51.64,805.72,126.08,273.76,0.7983,-1,-1,-1
556,178,668.60,580.63,54.45,120.79,0.7647,-1,-1,-1
556,180,699.16,763.00,131.15,298.13,0.7482,-1,-1,-1
557,176,1.16,816.35,126.27,262.71,0.8289,-1,-1,-1
557,178,651.14,578.83,52.26,121.17,0.7397,-1,-1,-1
557,180,683.98,766.44,121.75,312.81,0.7032,-1,-1,-1
557,183,736.16,545.82,38.38,78.57,0.4042,-1,-1,-1
558,176,-5.47,818.36,65.03,256.74,0.7041,-1,-1,-1
558,178,631.89,576.46,55.77,125.35,0.7541,-1,-1,-1
558,180,652.65,764.03,126.25,311.11,0.7617,-1,-1,-1
559,178,615.58,576.34,53.38,126.15,0.7400,-1,-1,-1
559,180,627.14,765.32,127.92,311.14,0.8016,-1,-1,-1
559,183,701.09,539.34,36.87,82.87,0.3745,-1,-1,-1
560,178,597.09,581.20,52.92,125.54,0.7687,-1,-1,-1
560,180,608.87,759.57,122.08,320.28,0.7896,-1,-1,-1
560,183,688.42,536.72,39.89,84.20,0.3472,-1,-1,-1
561,178,579.02,574.96,58.87,131.37,0.7432,-1,-1,-1
561,180,578.28,757.39,126.04,322.61,0.8302,-1,-1,-1
562,178,561.10,580.79,58.62,129.53,0.7125,-1,-1,-1
562,180,550.94,757.51,127.75,322.53,0.7907,-1,-1,-1
562,183,667.12,543.68,27.20,79.57,0.3070,-1,-1,-1
563,178,544.61,584.00,61.20,130.25,0.7620,-1,-1,-1
563,180,530.26,756.68,120.73,323.06,0.8607,-1,-1,-1
564,178,531.36,585.84,59.86,127.18,0.6849,-1,-1,-1
564,180,502.49,759.14,124.95,320.91,0.8215,-1,-1,-1
565,178,512.62,583.94,60.66,132.16,0.7126,-1,-1,-1
565,180,472.18,761.76,132.19,318.34,0.7227,-1,-1,-1
566,178,494.90,585.49,65.63,130.46,0.7681,-1,-1,-1
566,180,435.30,766.94,146.79,313.23,0.7203,-1,-1,-1
567,178,481.31,588.11,62.47,132.56,0.7734,-1,-1,-1
567,180,416.93,779.52,141.05,300.61,0.8360,-1,-1,-1
568,178,462.08,587.88,64.66,134.49,0.7325,-1,-1,-1
568,180,378.20,786.02,154.48,292.70,0.7891,-1,-1,-1
569,178,441.22,588.29,72.10,136.56,0.6931,-1,-1,-1
569,180,356.63,790.45,155.45,289.56,0.7919,-1,-1,-1
570,178,428.98,588.13,67.75,139.16,0.7264,-1,-1,-1
570,180,329.72,790.21,155.99,288.74,0.7938,-1,-1,-1
571,178,413.68,591.55,68.12,138.53,0.7138,-1,-1,-1
571,180,304.95,795.47,156.81,284.56,0.8197,-1,-1,-1
572,178,396.23,595.60,69.51,137.27,0.6665,-1,-1,-1
572,180,283.75,797.90,150.59,279.08,0.5795,-1,-1,-1
572,185,1855.91,588.25,63.45,163.66,0.4283,-1,-1,-1
573,178,380.88,594.31,67.83,142.24,0.7178,-1,-1,-1
573,180,262.77,795.54,149.04,235.62,0.5712,-1,-1,-1
573,185,1864.51,589.98,54.97,161.12,0.4557,-1,-1,-1
574,178,365.45,597.87,71.09,141.08,0.7035,-1,-1,-1
574,180,224.27,802.21,155.92,274.04,0.5440,-1,-1,-1
574,185,1857.18,588.37,51.70,161.00,0.4108,-1,-1,-1
575,178,344.56,598.24,73.87,140.27,0.7106,-1,-1,-1
575,180,204.06,797.93,150.59,235.42,0.6270,-1,-1,-1
576,178,328.63,598.72,73.57,145.09,0.7441,-1,-1,-1
576,180,166.43,807.85,158.80,269.07,0.6867,-1,-1,-1
577,178,311.91,599.21,76.03,144.21,0.6863,-1,-1,-1
577,180,142.19,804.86,159.28,225.38,0.5247,-1,-1,-1
577,187,1828.06,582.19,62.80,181.11,0.4354,-1,-1,-1
578,178,294.03,597.26,75.99,150.26,0.7531,-1,-1,-1
578,180,110.87,815.23,159.64,259.32,0.4211,-1,-1,-1
579,178,278.32,597.66,71.85,152.39,0.7546,-1,-1,-1
579,180,81.59,816.59,164.82,216.85,0.5873,-1,-1,-1
579,185,1815.27,587.43,57.61,179.33,0.5370,-1,-1,-1
580,178,263.69,600.79,73.99,150.33,0.6790,-1,-1,-1
580,180,55.29,826.16,158.68,240.82,0.4697,-1,-1,-1
580,185,1809.18,591.81,58.94,178.01,0.6318,-1,-1,-1
581,178,245.72,596.29,74.47,158.93,0.7598,-1,-1,-1
581,180,6.85,829.78,177.12,250.01,0.7612,-1,-1,-1
581,185,1802.94,590.73,60.69,181.30,0.4666,-1,-1,-1
582,178,230.51,598.67,71.56,157.91,0.7674,-1,-1,-1
582,180,-0.89,833.88,156.73,246.20,0.8050,-1,-1,-1
582,185,1795.08,589.60,64.08,184.41,0.5943,-1,-1,-1
583,178,210.26,599.67,79.81,160.01,0.7496,-1,-1,-1
583,180,-5.69,835.54,131.91,235.57,0.6352,-1,-1,-1
583,185,1788.66,604.72,66.12,170.95,0.5116,-1,-1,-1
584,178,195.18,598.36,79.67,167.71,0.7856,-1,-1,-1
584,180,-2.20,835.42,99.85,239.43,0.7330,-1,-1,-1
584,185,1782.77,615.33,64.60,160.84,0.4755,-1,-1,-1
585,178,186.35,601.15,75.06,172.23,0.8117,-1,-1,-1
585,180,-2.06,844.61,71.31,234.32,0.7105,-1,-1,-1
585,185,1778.56,607.42,64.49,164.84,0.3031,-1,-1,-1
586,178,167.50,605.16,79.73,169.47,0.7213,-1,-1,-1
586,180,-3.69,918.02,45.07,167.41,0.5272,-1,-1,-1
586,185,1775.74,588.12,62.91,181.32,0.3876,-1,-1,-1
587,178,155.34,607.89,82.60,169.82,0.7766,-1,-1,-1
587,185,1774.22,588.58,55.41,167.25,0.3607,-1,-1,-1
587,190,1235.45,525.00,28.97,77.51,0.3217,-1,-1,-1
588,178,141.61,609.72,82.08,173.63,0.7847,-1,-1,-1
588,185,1772.94,585.45,56.81,164.24,0.4643,-1,-1,-1
589,178,126.55,612.93,85.76,173.50,0.7694,-1,-1,-1
589,185,1767.83,583.16,55.63,163.07,0.5740,-1,-1,-1
590,178,114.08,613.97,85.37,177.62,0.7594,-1,-1,-1
590,185,1766.14,581.80,58.67,170.89,0.6646,-1,-1,-1
591,178,99.40,613.96,82.82,179.53,0.7862,-1,-1,-1
591,185,1765.17,581.88,61.53,170.07,0.7534,-1,-1,-1
591,190,1225.38,527.35,30.19,75.89,0.4291,-1,-1,-1
592,178,85.04,618.28,86.59,175.76,0.7912,-1,-1,-1
592,185,1764.17,578.85,62.77,167.90,0.7301,-1,-1,-1
592,190,1226.42,528.52,28.08,74.65,0.3662,-1,-1,-1
593,178,71.82,617.21,85.83,182.81,0.7663,-1,-1,-1
593,185,1763.96,582.73,62.68,168.51,0.7708,-1,-1,-1
593,190,1224.32,528.34,28.02,75.12,0.4409,-1,-1,-1
593,192,332.23,534.79,42.81,98.51,0.5746,-1,-1,-1
594,178,55.61,620.84,92.89,184.72,0.7571,-1,-1,-1
594,185,1760.70,580.24,67.51,172.97,0.7166,-1,-1,-1
594,190,1223.27,528.58,29.50,74.20,0.4172,-1,-1,-1
594,192,330.86,536.48,38.38,97.18,0.4646,-1,-1,-1
595,178,44.37,620.74,87.53,188.68,0.7899,-1,-1,-1
595,185,1748.67,581.84,82.41,177.60,0.7262,-1,-1,-1
595,190,1223.15,527.85,29.22,76.48,0.4104,-1,-1,-1
595,192,325.65,536.40,41.07,95.67,0.5058,-1,-1,-1
596,178,29.61,625.87,90.67,189.29,0.7928,-1,-1,-1
596,185,1748.58,581.00,84.21,178.05,0.7310,-1,-1,-1
596,190,1225.21,527.04,29.19,76.45,0.4221,-1,-1,-1
596,192,319.43,536.21,43.79,97.42,0.5003,-1,-1,-1
597,178,15.49,626.54,91.48,192.44,0.7592,-1,-1,-1
597,185,1757.10,587.57,77.89,171.07,0.7489,-1,-1,-1
597,190,1227.23,527.78,27.62,76.45,0.3632,-1,-1,-1
597,192,314.82,531.74,41.71,104.80,0.6774,-1,-1,-1
598,178,1.40,637.54,97.81,191.79,0.7891,-1,-1,-1
598,185,1759.67,585.96,80.88,170.60,0.7621,-1,-1,-1
598,190,1228.34,528.10,27.19,76.24,0.3452,-1,-1,-1
598,192,310.35,536.45,42.13,105.06,0.5361,-1,-1,-1
599,178,0.09,639.03,83.13,192.49,0.7887,-1,-1,-1
599,185,1765.12,583.18,81.47,173.48,0.7710,-1,-1,-1
599,190,1230.46,525.48,28.00,79.31,0.4843,-1,-1,-1
599,192,308.55,542.19,42.01,99.34,0.4999,-1,-1,-1
600,178,-1.55,648.00,73.39,190.91,0.7799,-1,-1,-1
600,185,1765.98,581.83,81.76,177.66,0.7862,-1,-1,-1
600,190,1231.64,520.28,29.51,84.63,0.5879,-1,-1,-1
600,192,303.73,544.89,44.48,98.22,0.4881,-1,-1,-1
601,178,-2.16,650.18,60.46,192.15,0.7086,-1,-1,-1
601,185,1777.35,579.99,72.38,179.30,0.7812,-1,-1,-1
601,190,1233.12,522.95,29.30,82.99,0.4027,-1,-1,-1
601,192,298.18,539.67,47.85,103.94,0.4740,-1,-1,-1
602,178,-4.32,661.72,49.77,183.06,0.5064,-1,-1,-1
602,185,1785.79,576.61,66.14,182.57,0.7091,-1,-1,-1
602,190,1234.35,521.22,28.72,83.92,0.3458,-1,-1,-1
602,192,294.19,536.82,49.40,109.31,0.4386,-1,-1,-1
603,178,-4.10,673.11,34.93,176.81,0.4416,-1,-1,-1
603,185,1790.08,579.46,62.65,182.39,0.6265,-1,-1,-1
603,190,1235.46,519.52,31.01,87.65,0.4021,-1,-1,-1
603,192,291.27,522.85,48.12,124.32,0.5466,-1,-1,-1
604,185,1803.15,574.88,50.68,186.99,0.4709,-1,-1,-1
604,190,1237.38,519.97,30.24,88.38,0.5448,-1,-1,-1
604,192,288.38,546.09,48.89,104.66,0.6024,-1,-1,-1
605,185,1812.42,582.12,46.84,182.80,0.5071,-1,-1,-1
605,190,1239.74,518.53,29.85,88.30,0.6185,-1,-1,-1
605,192,286.03,518.22,50.53,127.75,0.4644,-1,-1,-1
606,190,1243.19,514.59,27.99,91.08,0.6174,-1,-1,-1
606,192,281.89,531.68,51.41,118.60,0.5505,-1,-1,-1
607,190,1244.16,515.08,29.42,91.35,0.6151,-1,-1,-1
607,192,279.53,542.60,51.44,108.88,0.5706,-1,-1,-1
608,190,1246.99,516.74,30.03,90.83,0.3066,-1,-1,-1
608,192,277.74,542.33,49.14,106.28,0.6194,-1,-1,-1
609,190,1250.60,518.38,31.83,89.89,0.5396,-1,-1,-1
609,192,276.21,546.84,49.13,99.34,0.4792,-1,-1,-1
610,190,1252.37,517.83,33.25,91.74,0.4888,-1,-1,-1
610,192,274.42,524.34,48.99,118.24,0.5587,-1,-1,-1
611,190,1255.77,516.26,29.46,96.38,0.4308,-1,-1,-1
611,192,271.40,510.23,50.87,132.31,0.5750,-1,-1,-1
612,190,1259.61,520.36,29.76,93.97,0.4562,-1,-1,-1
612,192,268.13,503.88,50.09,140.19,0.6361,-1,-1,-1
612,193,1824.94,591.63,44.82,181.10,0.4173,-1,-1,-1
613,190,1263.35,522.90,29.67,92.16,0.5649,-1,-1,-1
613,192,263.38,497.70,54.51,145.61,0.6912,-1,-1,-1
613,193,1828.70,596.13,50.63,179.60,0.5438,-1,-1,-1
614,190,1266.05,524.03,29.64,90.61,0.6230,-1,-1,-1
614,192,260.60,498.59,54.66,145.89,0.7440,-1,-1,-1
614,193,1834.81,596.84,62.25,188.02,0.5610,-1,-1,-1
615,190,1267.36,524.61,30.30,90.86,0.6180,-1,-1,-1
615,192,258.47,497.67,52.12,147.15,0.7417,-1,-1,-1
615,193,1839.62,601.81,62.92,195.59,0.5262,-1,-1,-1
616,190,1269.42,527.63,30.95,94.26,0.6309,-1,-1,-1
616,192,255.65,500.18,49.14,145.17,0.6219,-1,-1,-1
616,193,1847.95,604.22,58.42,193.09,0.5736,-1,-1,-1
617,190,1272.78,528.39,30.68,96.46,0.5778,-1,-1,-1
617,192,253.71,501.33,50.59,142.74,0.6405,-1,-1,-1
617,193,1852.00,611.87,53.60,190.69,0.5695,-1,-1,-1
618,190,1275.04,531.40,32.58,96.38,0.5522,-1,-1,-1
618,192,250.14,503.87,49.52,141.73,0.6317,-1,-1,-1
618,193,1854.72,610.70,64.54,197.88,0.6581,-1,-1,-1
619,190,1275.91,532.22,34.45,95.95,0.6064,-1,-1,-1
619,192,248.28,506.67,49.60,141.42,0.6438,-1,-1,-1
619,193,1861.80,608.65,57.60,204.18,0.6305,-1,-1,-1
620,190,1276.10,532.72,37.21,99.00,0.6345,-1,-1,-1
620,192,246.09,506.66,50.04,142.20,0.5905,-1,-1,-1
620,193,1869.46,609.68,49.99,207.69,0.6591,-1,-1,-1
621,190,1283.52,529.99,34.06,103.08,0.6011,-1,-1,-1
621,192,244.38,501.66,49.46,148.03,0.6202,-1,-1,-1
621,193,1877.63,609.49,42.00,207.05,0.5314,-1,-1,-1
622,190,1288.57,530.42,30.25,106.04,0.5723,-1,-1,-1
622,192,241.45,501.84,49.08,148.03,0.6673,-1,-1,-1
622,193,1881.35,610.57,38.21,199.60,0.6150,-1,-1,-1
623,190,1293.19,527.79,33.96,103.85,0.6337,-1,-1,-1
623,192,238.68,499.90,48.70,155.06,0.6347,-1,-1,-1
623,193,1887.90,602.40,31.85,196.22,0.3994,-1,-1,-1
624,190,1295.91,530.70,36.10,105.44,0.6203,-1,-1,-1
624,192,237.63,499.65,48.15,153.09,0.6679,-1,-1,-1
625,190,1301.01,536.47,35.81,102.57,0.6304,-1,-1,-1
625,192,236.27,512.86,48.60,146.00,0.6579,-1,-1,-1
626,190,1305.26,531.05,42.79,108.53,0.5578,-1,-1,-1
626,192,235.33,522.51,49.67,133.54,0.6768,-1,-1,-1
627,190,1313.17,529.74,37.96,109.81,0.6457,-1,-1,-1
627,192,234.93,538.13,47.92,125.14,0.6338,-1,-1,-1
628,190,1318.51,531.70,38.75,107.98,0.6342,-1,-1,-1
628,192,235.06,539.24,48.83,122.98,0.6426,-1,-1,-1
629,190,1324.04,530.37,39.53,105.97,0.7123,-1,-1,-1
629,192,234.62,554.33,47.49,115.76,0.7022,-1,-1,-1
630,190,1330.99,530.42,43.18,107.39,0.6755,-1,-1,-1
630,192,235.55,550.23,47.90,119.35,0.6715,-1,-1,-1
630,197,312.39,491.64,19.04,36.99,0.3589,-1,-1,-1
631,190,1340.71,528.64,38.09,109.70,0.6769,-1,-1,-1
631,192,235.96,551.90,52.10,117.77,0.6435,-1,-1,-1
632,190,1346.59,531.37,40.84,108.44,0.7132,-1,-1,-1
632,192,238.00,553.55,52.34,119.38,0.6209,-1,-1,-1
633,190,1354.06,536.40,43.58,108.57,0.6610,-1,-1,-1
633,192,238.52,550.29,54.54,124.00,0.6099,-1,-1,-1
634,190,1363.81,536.91,40.12,107.35,0.6405,-1,-1,-1
634,192,240.12,552.36,50.08,125.48,0.6022,-1,-1,-1
635,190,1369.05,531.40,44.57,118.94,0.7261,-1,-1,-1
635,192,241.71,548.31,52.79,128.55,0.5529,-1,-1,-1
636,190,1378.22,539.30,42.59,113.70,0.6076,-1,-1,-1
636,192,243.69,549.47,51.18,129.73,0.5862,-1,-1,-1
637,190,1389.63,538.35,40.23,115.38,0.4784,-1,-1,-1
637,192,245.49,539.77,53.69,140.67,0.5289,-1,-1,-1
638,190,1397.47,538.49,43.35,121.53,0.6066,-1,-1,-1
638,192,246.44,532.71,53.79,150.08,0.6135,-1,-1,-1
639,190,1412.59,550.91,37.25,113.08,0.4551,-1,-1,-1
639,192,248.60,536.93,54.61,149.19,0.6487,-1,-1,-1
640,190,1418.62,553.49,40.78,108.14,0.3656,-1,-1,-1
640,192,251.25,535.19,52.02,152.68,0.6525,-1,-1,-1
641,190,1431.10,552.96,37.82,105.33,0.5201,-1,-1,-1
641,192,254.66,538.54,52.22,151.40,0.6611,-1,-1,-1
642,190,1442.61,559.53,38.94,105.71,0.5630,-1,-1,-1
642,192,257.55,534.78,52.00,155.13,0.5651,-1,-1,-1
643,190,1455.22,561.41,36.91,97.81,0.3616,-1,-1,-1
643,192,259.74,530.57,50.69,161.88,0.5508,-1,-1,-1
644,192,262.80,529.29,47.85,163.25,0.4253,-1,-1,-1
645,192,265.35,567.42,50.65,131.50,0.3867,-1,-1,-1
646,192,271.61,572.30,47.29,125.41,0.4154,-1,-1,-1
646,198,1489.18,563.85,41.31,71.25,0.4665,-1,-1,-1
647,192,276.22,538.28,42.52,155.52,0.4641,-1,-1,-1
648,192,278.87,563.47,48.36,134.94,0.5229,-1,-1,-1
649,192,283.39,536.34,44.92,151.70,0.4939,-1,-1,-1
650,192,285.33,532.00,48.94,161.66,0.5935,-1,-1,-1
651,192,291.53,530.75,50.59,166.07,0.4293,-1,-1,-1
652,192,299.58,552.11,47.34,131.76,0.5725,-1,-1,-1
653,192,308.85,557.32,42.93,128.90,0.3337,-1,-1,-1
654,192,312.63,556.99,41.57,134.42,0.5726,-1,-1,-1
655,192,320.38,521.15,41.51,162.50,0.4945,-1,-1,-1
656,192,327.34,533.25,45.52,166.23,0.5395,-1,-1,-1
656,199,1634.71,563.88,49.35,54.79,0.3289,-1,-1,-1
657,192,335.52,532.36,45.80,171.36,0.5519,-1,-1,-1
657,199,1657.98,565.22,45.59,60.74,0.3427,-1,-1,-1
658,192,345.61,572.30,47.65,139.86,0.3959,-1,-1,-1
658,199,1676.21,570.86,44.68,62.09,0.3262,-1,-1,-1
659,192,347.43,589.39,52.30,133.92,0.3628,-1,-1,-1
659,197,456.02,523.71,18.29,37.93,0.3427,-1,-1,-1
660,192,358.58,590.09,46.81,130.42,0.4924,-1,-1,-1
661,192,359.16,592.17,51.27,131.94,0.5637,-1,-1,-1
661,199,1723.42,599.09,60.30,64.90,0.3983,-1,-1,-1
662,192,365.91,596.59,54.32,126.24,0.5369,-1,-1,-1
662,199,1748.48,607.51,56.76,61.30,0.3074,-1,-1,-1
663,192,379.39,599.12,47.56,120.66,0.5336,-1,-1,-1
664,192,382.02,592.53,55.18,125.39,0.6049,-1,-1,-1
665,192,388.82,597.11,57.32,119.05,0.4860,-1,-1,-1
666,192,393.38,593.07,65.10,120.24,0.6449,-1,-1,-1
667,192,395.61,586.87,75.43,127.08,0.5617,-1,-1,-1
668,192,396.66,582.10,88.35,136.85,0.6016,-1,-1,-1
669,192,405.78,574.79,97.42,141.06,0.4365,-1,-1,-1
669,203,395.16,517.68,25.10,77.32,0.3688,-1,-1,-1
670,192,414.98,571.51,99.70,143.19,0.6277,-1,-1,-1
670,203,400.72,513.04,28.97,80.61,0.6398,-1,-1,-1
671,192,428.19,568.58,95.66,144.97,0.5765,-1,-1,-1
671,203,404.95,511.66,27.66,77.72,0.4921,-1,-1,-1
672,203,411.55,508.98,27.85,76.05,0.4475,-1,-1,-1
675,192,476.54,558.70,99.49,146.00,0.3060,-1,-1,-1
675,203,428.23,492.61,32.24,83.17,0.3896,-1,-1,-1
676,197,560.36,480.10,21.38,48.47,0.3301,-1,-1,-1
676,203,431.26,498.88,30.51,81.69,0.5492,-1,-1,-1
677,197,571.85,481.60,19.97,44.59,0.3760,-1,-1,-1
677,203,437.67,493.13,34.55,85.05,0.4568,-1,-1,-1
678,203,440.95,496.61,36.20,86.71,0.3790,-1,-1,-1
679,203,449.26,510.65,36.29,83.26,0.3661,-1,-1,-1
679,207,535.10,574.14,100.04,144.98,0.5492,-1,-1,-1
680,197,595.11,487.18,18.68,43.96,0.3312,-1,-1,-1
680,207,572.91,568.02,75.60,140.16,0.3370,-1,-1,-1
681,207,586.51,597.10,78.79,140.53,0.4250,-1,-1,-1
682,207,605.27,619.11,71.88,138.13,0.3639,-1,-1,-1
683,207,619.33,593.16,60.00,136.62,0.3245,-1,-1,-1
685,203,470.11,518.59,32.63,80.92,0.4306,-1,-1,-1
686,203,474.54,509.47,30.82,82.16,0.4774,-1,-1,-1
687,203,483.09,507.06,32.55,80.21,0.4386,-1,-1,-1
688,197,633.26,480.38,20.07,49.37,0.3053,-1,-1,-1
688,203,485.62,506.43,29.38,80.78,0.3723,-1,-1,-1
688,207,655.70,573.85,110.70,143.00,0.3336,-1,-1,-1
689,207,664.18,568.07,111.32,149.03,0.4291,-1,-1,-1
690,197,648.20,476.88,20.78,49.83,0.3626,-1,-1,-1
690,203,495.36,502.67,27.27,82.34,0.4606,-1,-1,-1
690,207,679.78,564.40,109.93,151.59,0.4662,-1,-1,-1
691,197,652.83,474.87,19.84,49.85,0.3818,-1,-1,-1
691,203,501.70,504.56,26.09,80.14,0.3198,-1,-1,-1
691,207,699.01,565.99,107.93,152.37,0.5892,-1,-1,-1
692,197,657.95,475.25,17.49,48.21,0.3417,-1,-1,-1
692,203,507.79,500.81,27.44,82.03,0.5562,-1,-1,-1
692,207,717.81,569.90,101.24,147.76,0.4479,-1,-1,-1
693,197,667.17,475.79,20.56,47.72,0.3278,-1,-1,-1
693,203,510.93,496.89,33.72,87.58,0.3800,-1,-1,-1
693,207,770.46,574.10,64.50,145.34,0.5255,-1,-1,-1
694,197,672.01,476.35,19.24,51.41,0.3576,-1,-1,-1
694,203,510.91,498.72,36.55,88.32,0.4959,-1,-1,-1
694,207,773.80,581.56,81.90,141.69,0.4815,-1,-1,-1
695,197,677.13,476.74,19.96,53.22,0.4115,-1,-1,-1
695,203,517.03,500.98,32.83,87.47,0.5228,-1,-1,-1
695,207,791.58,586.10,79.10,146.16,0.3590,-1,-1,-1
696,203,527.57,501.22,31.56,82.55,0.4362,-1,-1,-1
697,203,529.66,504.44,32.10,82.18,0.4885,-1,-1,-1
698,197,695.07,477.63,19.32,52.56,0.3752,-1,-1,-1
698,203,532.77,500.94,31.44,88.24,0.4732,-1,-1,-1
699,197,699.19,476.71,20.85,53.53,0.4813,-1,-1,-1
699,203,534.18,500.53,34.65,90.06,0.3028,-1,-1,-1
699,207,841.91,582.79,96.44,158.25,0.5785,-1,-1,-1
700,197,702.73,479.58,19.98,52.83,0.4622,-1,-1,-1
700,203,537.23,501.51,35.35,92.75,0.5294,-1,-1,-1
700,207,853.75,583.97,104.33,159.58,0.5884,-1,-1,-1
701,203,544.08,505.05,32.78,90.72,0.4031,-1,-1,-1
701,207,883.70,590.57,91.03,157.62,0.4995,-1,-1,-1
702,197,718.73,478.55,18.85,54.30,0.4290,-1,-1,-1
702,203,550.35,507.12,33.36,87.27,0.3620,-1,-1,-1
702,207,928.85,599.32,65.07,153.84,0.5881,-1,-1,-1
703,197,721.85,473.47,21.70,59.64,0.4195,-1,-1,-1
703,203,554.66,504.89,32.06,90.06,0.5539,-1,-1,-1
703,207,952.02,604.49,59.75,153.95,0.5376,-1,-1,-1
704,197,725.64,476.49,20.93,60.64,0.3660,-1,-1,-1
704,203,555.28,509.00,34.49,91.41,0.5844,-1,-1,-1
704,207,955.55,611.79,73.30,154.78,0.6474,-1,-1,-1
705,197,727.71,476.48,21.12,60.02,0.4064,-1,-1,-1
705,203,554.32,508.31,40.73,94.24,0.5363,-1,-1,-1
705,207,977.34,612.65,67.62,155.74,0.6481,-1,-1,-1
706,197,737.86,484.66,23.99,54.68,0.3618,-1,-1,-1
706,203,562.39,510.65,33.60,93.15,0.6116,-1,-1,-1
706,207,984.60,615.65,80.64,159.48,0.7583,-1,-1,-1
707,197,739.88,489.09,21.81,52.43,0.3386,-1,-1,-1
707,203,564.61,513.03,33.01,95.46,0.6616,-1,-1,-1
707,207,993.68,613.89,90.65,168.83,0.7423,-1,-1,-1
708,197,743.01,490.33,21.40,52.67,0.3710,-1,-1,-1
708,203,567.36,517.64,32.56,95.79,0.6891,-1,-1,-1
708,207,992.47,615.78,110.26,173.09,0.6746,-1,-1,-1
709,197,745.62,492.70,22.11,53.73,0.3624,-1,-1,-1
709,203,568.74,520.16,34.09,98.36,0.6430,-1,-1,-1
709,207,999.79,609.12,125.61,179.53,0.7636,-1,-1,-1
710,197,749.04,501.52,20.16,53.00,0.3888,-1,-1,-1
710,203,574.87,530.10,34.18,90.53,0.6403,-1,-1,-1
710,207,1015.56,622.15,126.49,179.66,0.7748,-1,-1,-1
711,197,749.94,503.61,19.67,52.16,0.4168,-1,-1,-1
711,203,575.38,533.79,34.55,88.77,0.5305,-1,-1,-1
711,207,1048.16,619.80,115.96,176.78,0.7111,-1,-1,-1
712,197,756.47,505.42,29.82,52.56,0.3848,-1,-1,-1
712,203,575.96,535.33,36.74,93.25,0.7177,-1,-1,-1
712,207,1072.50,633.40,106.93,177.39,0.4789,-1,-1,-1
713,197,760.67,505.49,23.81,50.75,0.3481,-1,-1,-1
713,203,575.65,534.80,37.32,94.95,0.7372,-1,-1,-1
713,207,1126.55,630.75,73.17,169.92,0.5796,-1,-1,-1
714,197,762.11,510.95,20.16,53.07,0.4318,-1,-1,-1
714,203,579.71,542.90,36.78,99.07,0.6552,-1,-1,-1
714,207,1128.23,636.56,99.15,169.75,0.7374,-1,-1,-1
715,197,764.35,504.23,19.80,60.16,0.4276,-1,-1,-1
715,203,579.50,539.45,38.46,102.74,0.5902,-1,-1,-1
715,207,1139.83,635.04,100.04,173.92,0.7451,-1,-1,-1
716,197,768.64,503.05,23.83,61.00,0.4151,-1,-1,-1
716,203,581.11,543.86,37.99,101.44,0.5081,-1,-1,-1
716,207,1154.91,631.39,102.36,179.99,0.7684,-1,-1,-1
717,197,770.69,509.12,22.81,55.09,0.3222,-1,-1,-1
717,203,579.35,544.85,40.16,101.82,0.5572,-1,-1,-1
717,207,1172.70,628.88,104.22,184.99,0.7812,-1,-1,-1
718,197,772.82,509.44,23.20,55.37,0.3734,-1,-1,-1
718,203,585.15,552.68,35.48,97.66,0.4841,-1,-1,-1
718,207,1189.24,624.67,109.87,195.87,0.7914,-1,-1,-1
719,203,584.64,547.07,38.31,100.15,0.5349,-1,-1,-1
719,207,1210.16,632.44,111.20,193.95,0.6608,-1,-1,-1
720,203,585.31,551.85,39.58,101.91,0.5675,-1,-1,-1
720,207,1229.45,632.03,114.61,197.97,0.6718,-1,-1,-1
721,197,782.68,513.21,25.51,55.55,0.3473,-1,-1,-1
721,203,587.87,551.52,41.48,103.08,0.4913,-1,-1,-1
721,207,1260.40,633.99,99.71,176.08,0.4787,-1,-1,-1
722,197,785.27,516.61,23.43,52.21,0.3642,-1,-1,-1
722,203,592.65,553.62,37.78,102.57,0.5360,-1,-1,-1
722,207,1297.10,649.81,83.73,194.86,0.4726,-1,-1,-1
723,197,790.75,513.99,25.70,54.75,0.3732,-1,-1,-1
723,203,594.03,550.69,39.17,105.19,0.3706,-1,-1,-1
723,207,1311.07,656.37,102.87,194.48,0.4478,-1,-1,-1
724,197,792.99,524.35,23.48,53.61,0.3642,-1,-1,-1
724,203,594.56,562.92,37.58,103.26,0.4859,-1,-1,-1
724,207,1348.28,663.75,90.41,196.52,0.5486,-1,-1,-1
725,197,797.10,525.01,22.70,53.09,0.4732,-1,-1,-1
725,203,595.05,566.09,37.35,103.76,0.5707,-1,-1,-1
725,207,1371.92,663.54,91.71,205.09,0.7108,-1,-1,-1
726,197,799.64,521.02,20.76,56.39,0.3632,-1,-1,-1
726,203,597.16,565.55,37.58,103.19,0.5734,-1,-1,-1
726,207,1382.39,673.08,106.87,208.81,0.6203,-1,-1,-1
727,203,597.30,570.15,42.37,106.77,0.7153,-1,-1,-1
727,207,1431.04,667.59,78.24,179.84,0.4060,-1,-1,-1
728,197,813.17,525.48,22.10,57.87,0.3867,-1,-1,-1
728,203,597.63,568.76,43.17,106.14,0.6729,-1,-1,-1
728,207,1409.13,683.35,128.22,216.53,0.5803,-1,-1,-1
729,197,813.79,524.02,20.54,57.24,0.3840,-1,-1,-1
729,203,597.99,565.90,44.02,110.05,0.6381,-1,-1,-1
729,207,1429.23,679.60,139.16,222.26,0.7226,-1,-1,-1
730,197,817.21,524.66,21.00,59.35,0.3511,-1,-1,-1
730,203,599.61,569.87,45.65,111.45,0.5670,-1,-1,-1
730,207,1520.95,689.34,77.15,226.25,0.4556,-1,-1,-1
731,197,817.75,524.78,23.21,59.37,0.4066,-1,-1,-1
731,203,600.19,564.39,47.61,116.03,0.6680,-1,-1,-1
731,223,1526.77,553.02,31.87,77.24,0.3214,-1,-1,-1
732,197,819.80,525.83,23.07,57.68,0.4915,-1,-1,-1
732,203,602.12,564.88,46.56,116.87,0.6757,-1,-1,-1
732,207,1564.61,702.66,80.74,229.78,0.5054,-1,-1,-1
733,197,820.73,522.33,24.13,60.45,0.5295,-1,-1,-1
733,203,602.57,567.99,46.24,115.32,0.6499,-1,-1,-1
733,207,1590.46,705.50,88.61,227.76,0.7019,-1,-1,-1
734,197,823.72,526.23,21.31,53.74,0.4011,-1,-1,-1
734,203,602.05,559.93,47.15,121.60,0.6868,-1,-1,-1
734,207,1592.58,706.78,115.52,231.14,0.6281,-1,-1,-1
735,197,836.68,527.31,24.87,52.22,0.3768,-1,-1,-1
735,203,602.69,562.84,47.22,121.91,0.6948,-1,-1,-1
735,207,1610.23,703.30,125.01,233.91,0.7441,-1,-1,-1
736,197,833.94,524.25,23.03,52.07,0.3822,-1,-1,-1
736,203,607.43,559.51,44.94,121.71,0.6750,-1,-1,-1
736,207,1628.47,704.06,136.77,248.55,0.7151,-1,-1,-1
737,197,834.88,523.52,24.45,52.90,0.3775,-1,-1,-1
737,203,607.37,561.82,46.05,121.80,0.6584,-1,-1,-1
737,207,1659.00,692.49,133.13,263.36,0.7946,-1,-1,-1
738,197,836.84,525.43,22.35,52.94,0.3541,-1,-1,-1
738,203,606.79,562.89,48.29,122.71,0.6593,-1,-1,-1
738,207,1687.81,707.33,139.20,263.84,0.7550,-1,-1,-1
739,197,839.94,524.71,22.24,54.80,0.3574,-1,-1,-1
739,203,607.35,565.19,49.80,123.54,0.6562,-1,-1,-1
739,207,1715.00,721.41,154.38,259.23,0.7532,-1,-1,-1
740,197,840.68,524.20,21.98,56.61,0.4218,-1,-1,-1
740,203,607.78,567.19,49.28,123.39,0.6847,-1,-1,-1
740,207,1745.78,739.27,145.15,249.54,0.7464,-1,-1,-1
741,197,841.91,527.25,22.90,55.52,0.4783,-1,-1,-1
741,203,608.07,569.09,49.12,123.93,0.6776,-1,-1,-1
741,207,1784.83,730.12,134.00,264.46,0.5816,-1,-1,-1
741,225,874.78,531.11,22.05,49.61,0.3139,-1,-1,-1
742,197,842.83,528.11,22.39,56.24,0.5105,-1,-1,-1
742,203,609.37,570.21,47.34,123.34,0.6455,-1,-1,-1
742,207,1831.65,753.41,88.50,257.13,0.4326,-1,-1,-1
742,225,875.23,530.28,22.19,52.55,0.3729,-1,-1,-1
743,197,844.09,529.10,22.26,55.33,0.4494,-1,-1,-1
743,203,606.76,571.91,52.01,125.48,0.6303,-1,-1,-1
744,197,844.62,528.61,21.94,55.91,0.4811,-1,-1,-1
744,203,605.69,572.01,51.00,127.29,0.6293,-1,-1,-1
745,197,844.56,525.67,22.03,60.69,0.4982,-1,-1,-1
745,203,604.30,573.56,52.57,128.91,0.6668,-1,-1,-1
745,225,881.40,531.83,20.62,52.71,0.3231,-1,-1,-1
746,197,844.01,524.80,23.30,63.36,0.5172,-1,-1,-1
746,203,603.37,574.12,50.80,130.57,0.6264,-1,-1,-1
746,225,877.27,536.13,21.70,51.16,0.3046,-1,-1,-1
747,197,844.42,524.78,24.19,64.22,0.5047,-1,-1,-1
747,203,603.66,575.06,50.89,132.69,0.6538,-1,-1,-1
748,203,603.09,575.31,51.20,133.27,0.6733,-1,-1,-1
749,197,846.78,527.84,22.51,61.39,0.3386,-1,-1,-1
749,203,602.95,577.45,51.22,131.49,0.6753,-1,-1,-1
750,197,848.03,528.75,22.82,57.80,0.3369,-1,-1,-1
750,203,602.03,579.92,51.51,129.75,0.6232,-1,-1,-1
